transaction_id,customer_id,amount,payment_method,failure_code,direction,attempt_number,timestamp,recovered
TXN10000,CUST4534,11601.2,UPI,BANK_SERVER_DOWN,payment_failure,2,2026-08-27 19:05:43,1
TXN10001,CUST8268,595.7,Debit Card,MANDATE_REVOKED,subscription_lapsed,2,2026-08-12 11:10:00,0
TXN10002,CUST9603,788.16,Net Banking,MANDATE_REVOKED,subscription_lapsed,3,2026-08-17 20:27:37,0
TXN10003,CUST6454,353431.52,UPI,CREDIT_LIMIT_HIT,b2b_receivable,3,2026-08-16 05:37:57,0
TXN10004,CUST6977,13023.82,Net Banking,CARD_EXPIRED,payment_failure,1,2026-08-13 15:09:50,0
TXN10005,CUST1344,7859.64,UPI,INSUFFICIENT_FUNDS,payment_failure,1,2026-08-16 23:43:51,1
TXN10006,CUST9897,4870.13,Debit Card,CARD_EXPIRED,payment_failure,1,2026-08-17 17:17:48,0
TXN10007,CUST4115,1982.18,Debit Card,CART_ABANDONED,checkout_abandonment,1,2026-08-06 01:58:53,0
TXN10008,CUST6606,2111.77,Net Banking,MANDATE_EXPIRED,subscription_lapsed,2,2026-08-21 05:16:01,0
TXN10009,CUST2691,7367.76,UPI,CART_ABANDONED,checkout_abandonment,1,2026-08-16 17:03:49,0
TXN10010,CUST6326,5303.61,Credit Card,CHECKOUT_TIMEOUT,checkout_abandonment,4,2026-08-22 08:17:24,0
TXN10011,CUST8714,6933.14,Debit Card,INSUFFICIENT_FUNDS,payment_failure,1,2026-09-02 10:08:17,0
TXN10012,CUST5778,8603.31,Net Banking,UPI_TIMEOUT,payment_failure,2,2026-08-07 03:32:50,1
TXN10013,CUST6328,1309.97,Credit Card,CHECKOUT_TIMEOUT,checkout_abandonment,1,2026-08-26 04:29:31,0
TXN10014,CUST2535,13404.15,UPI,WRONG_OTP,payment_failure,2,2026-08-21 12:01:48,1
TXN10015,CUST5421,659.45,UPI,MANDATE_EXPIRED,subscription_lapsed,1,2026-08-28 09:33:46,0
TXN10016,CUST1894,10208.85,Net Banking,UPI_TIMEOUT,payment_failure,1,2026-08-21 22:29:10,0
TXN10017,CUST9422,555.74,UPI,MANDATE_EXPIRED,subscription_lapsed,1,2026-08-31 23:46:42,0
TXN10018,CUST4163,443181.01,Net Banking,INVOICE_OVERDUE,b2b_receivable,2,2026-08-31 02:02:50,1
TXN10019,CUST5314,3475.09,Debit Card,SHIPPING_CONFUSION,checkout_abandonment,1,2026-08-06 10:54:07,1
TXN10020,CUST3878,4483.11,UPI,WRONG_OTP,payment_failure,1,2026-08-17 02:11:39,0
TXN10021,CUST2442,23622.5,Credit Card,CREDIT_LIMIT_HIT,b2b_receivable,2,2026-08-25 17:29:39,0
TXN10022,CUST9238,5060.91,UPI,CHECKOUT_TIMEOUT,checkout_abandonment,2,2026-08-07 05:38:59,1
TXN10023,CUST1753,7730.12,UPI,UPI_TIMEOUT,payment_failure,3,2026-09-02 04:12:38,1
TXN10024,CUST6304,580.57,UPI,WRONG_OTP,payment_failure,1,2026-09-01 12:46:19,0
TXN10025,CUST5403,14304.59,Debit Card,UPI_TIMEOUT,payment_failure,1,2026-08-25 23:12:26,1
TXN10026,CUST4763,320809.61,Credit Card,CREDIT_LIMIT_HIT,b2b_receivable,2,2026-08-12 05:02:31,0
TXN10027,CUST7343,2935.91,Debit Card,MANDATE_EXPIRED,subscription_lapsed,3,2026-08-13 05:12:04,0
TXN10028,CUST1962,10860.36,Net Banking,UPI_TIMEOUT,payment_failure,1,2026-09-02 09:27:56,0
TXN10029,CUST8267,12739.87,Net Banking,BANK_SERVER_DOWN,payment_failure,2,2026-08-15 10:13:23,1
TXN10030,CUST2315,11766.36,Debit Card,UPI_TIMEOUT,payment_failure,1,2026-09-03 12:02:21,1
TXN10031,CUST4798,8367.82,Debit Card,INSUFFICIENT_FUNDS,payment_failure,2,2026-08-28 08:56:40,0
TXN10032,CUST6761,8968.88,Debit Card,UPI_TIMEOUT,payment_failure,3,2026-08-31 01:59:05,1
TXN10033,CUST7547,9520.16,Credit Card,INSUFFICIENT_FUNDS,payment_failure,2,2026-08-07 23:41:37,0
TXN10034,CUST2922,13653.02,Credit Card,UPI_TIMEOUT,payment_failure,4,2026-08-15 23:18:28,0
TXN10035,CUST4878,5433.8,Net Banking,WRONG_OTP,payment_failure,4,2026-08-07 16:43:06,0
TXN10036,CUST3837,14513.61,UPI,CARD_EXPIRED,payment_failure,1,2026-08-09 16:41:13,0
TXN10037,CUST3406,631.25,Credit Card,CART_ABANDONED,checkout_abandonment,1,2026-08-26 14:35:03,0
TXN10038,CUST4533,7142.3,UPI,WRONG_OTP,payment_failure,3,2026-08-15 05:41:11,1
TXN10039,CUST8454,31897.98,Net Banking,CREDIT_LIMIT_HIT,b2b_receivable,1,2026-08-05 05:27:41,0
TXN10040,CUST1025,2661.62,Credit Card,SUBSCRIPTION_PAUSED,subscription_lapsed,2,2026-08-16 05:36:24,0
TXN10041,CUST3740,209409.2,Net Banking,CREDIT_LIMIT_HIT,b2b_receivable,1,2026-08-16 17:18:56,0
TXN10042,CUST1477,1065.52,Net Banking,MANDATE_EXPIRED,subscription_lapsed,2,2026-08-13 23:15:19,0
TXN10043,CUST3846,14227.42,Net Banking,WRONG_OTP,payment_failure,1,2026-08-09 15:25:42,0
TXN10044,CUST7437,11773.0,Debit Card,BANK_SERVER_DOWN,payment_failure,1,2026-08-23 00:56:35,0
TXN10045,CUST5097,6272.3,UPI,CART_ABANDONED,checkout_abandonment,1,2026-08-20 01:11:47,1
TXN10046,CUST6977,13570.28,UPI,INSUFFICIENT_FUNDS,payment_failure,1,2026-08-22 10:11:39,0
TXN10047,CUST5895,4291.23,Debit Card,UPI_TIMEOUT,payment_failure,3,2026-08-31 03:34:41,1
TXN10048,CUST9992,1695.64,UPI,CART_ABANDONED,checkout_abandonment,3,2026-08-17 18:50:12,0
TXN10049,CUST5140,7273.24,Credit Card,CART_ABANDONED,checkout_abandonment,1,2026-08-24 00:03:41,1
TXN10050,CUST1712,5445.27,Net Banking,CHECKOUT_TIMEOUT,checkout_abandonment,2,2026-08-31 18:54:44,0
TXN10051,CUST7743,14295.43,UPI,INSUFFICIENT_FUNDS,payment_failure,1,2026-08-14 13:12:55,0
TXN10052,CUST6571,479617.82,UPI,CREDIT_LIMIT_HIT,b2b_receivable,1,2026-09-02 11:07:30,0
TXN10053,CUST2245,13638.7,Net Banking,INSUFFICIENT_FUNDS,payment_failure,1,2026-08-30 16:23:20,0
TXN10054,CUST4641,1707.33,Credit Card,UPI_TIMEOUT,payment_failure,1,2026-08-12 05:42:58,1
TXN10055,CUST9537,1440.16,Net Banking,PLAN_UPGRADE_FAILED,subscription_lapsed,4,2026-08-22 22:00:24,0
TXN10056,CUST7511,7130.77,UPI,CARD_EXPIRED,payment_failure,1,2026-08-21 23:39:52,0
TXN10057,CUST8579,3014.28,Net Banking,UPI_TIMEOUT,payment_failure,1,2026-08-12 12:41:07,1
TXN10058,CUST5942,9079.72,Debit Card,INSUFFICIENT_FUNDS,payment_failure,2,2026-08-08 02:49:41,0
TXN10059,CUST2697,14811.04,UPI,INSUFFICIENT_FUNDS,payment_failure,2,2026-08-15 01:33:07,0
TXN10060,CUST6782,1458.72,Net Banking,SUBSCRIPTION_PAUSED,subscription_lapsed,2,2026-08-11 19:51:58,1
TXN10061,CUST5336,8541.11,UPI,CARD_EXPIRED,payment_failure,1,2026-08-19 22:32:58,0
TXN10062,CUST2646,11251.89,Net Banking,BANK_SERVER_DOWN,payment_failure,4,2026-08-19 16:21:45,0
TXN10063,CUST7071,8575.37,UPI,WRONG_OTP,payment_failure,1,2026-09-01 16:47:25,1
TXN10064,CUST2887,8720.81,Net Banking,CARD_EXPIRED,payment_failure,2,2026-08-17 00:14:59,0
TXN10065,CUST3852,4638.66,Credit Card,UPI_TIMEOUT,payment_failure,2,2026-08-08 12:51:39,0
TXN10066,CUST3137,7273.72,Debit Card,UPI_TIMEOUT,payment_failure,3,2026-08-23 21:12:49,1
TXN10067,CUST4308,2066.68,Net Banking,CARD_EXPIRED,payment_failure,1,2026-08-19 17:45:09,0
TXN10068,CUST8478,13152.55,Credit Card,UPI_TIMEOUT,payment_failure,3,2026-08-20 17:09:12,1
TXN10069,CUST7385,3469.78,Net Banking,CART_ABANDONED,checkout_abandonment,1,2026-08-10 02:04:39,1
TXN10070,CUST2752,14174.43,Net Banking,INSUFFICIENT_FUNDS,payment_failure,2,2026-08-06 15:36:21,0
TXN10071,CUST7932,7233.65,Credit Card,UPI_TIMEOUT,payment_failure,1,2026-08-15 04:33:49,0
TXN10072,CUST9060,1148.85,Net Banking,CART_ABANDONED,checkout_abandonment,2,2026-08-20 19:03:31,1
TXN10073,CUST9436,371506.36,Credit Card,INVOICE_OVERDUE,b2b_receivable,1,2026-08-06 18:26:35,1
TXN10074,CUST6175,1206.4,UPI,CHECKOUT_TIMEOUT,checkout_abandonment,1,2026-08-30 02:42:43,1
TXN10075,CUST5016,7501.23,Credit Card,INSUFFICIENT_FUNDS,payment_failure,2,2026-08-10 09:15:30,0
TXN10076,CUST8757,429202.01,Net Banking,INVOICE_OVERDUE,b2b_receivable,3,2026-08-25 10:26:05,0
TXN10077,CUST8541,772.16,Net Banking,INSUFFICIENT_FUNDS,payment_failure,1,2026-08-30 17:01:46,0
TXN10078,CUST5454,1997.78,UPI,SHIPPING_CONFUSION,checkout_abandonment,1,2026-08-18 17:34:33,1
TXN10079,CUST7313,7696.48,UPI,PROMO_INVALID,checkout_abandonment,1,2026-08-28 18:41:04,1
TXN10080,CUST9797,1971.39,Net Banking,SUBSCRIPTION_PAUSED,subscription_lapsed,1,2026-08-10 03:01:28,1
TXN10081,CUST1852,4213.75,Debit Card,CART_ABANDONED,checkout_abandonment,3,2026-08-17 02:31:30,0
TXN10082,CUST6700,9658.45,Net Banking,INSUFFICIENT_FUNDS,payment_failure,2,2026-08-14 01:03:52,0
TXN10083,CUST2650,5606.61,UPI,CART_ABANDONED,checkout_abandonment,2,2026-08-21 19:01:24,0
TXN10084,CUST6273,1636.28,Credit Card,CHECKOUT_TIMEOUT,checkout_abandonment,1,2026-08-31 14:10:25,0
TXN10085,CUST9169,109.25,Debit Card,PLAN_UPGRADE_FAILED,subscription_lapsed,1,2026-08-25 02:28:30,0
TXN10086,CUST7929,381638.52,Debit Card,CREDIT_LIMIT_HIT,b2b_receivable,1,2026-08-05 17:29:32,0
TXN10087,CUST1783,741.02,Credit Card,INSUFFICIENT_FUNDS,payment_failure,1,2026-08-13 23:44:02,0
TXN10088,CUST7773,1982.41,Debit Card,MANDATE_EXPIRED,subscription_lapsed,1,2026-08-18 17:32:20,1
TXN10089,CUST8178,12696.22,UPI,BANK_SERVER_DOWN,payment_failure,1,2026-08-30 02:50:41,1
TXN10090,CUST7620,7855.46,Credit Card,UPI_TIMEOUT,payment_failure,3,2026-09-03 16:51:03,0
TXN10091,CUST1096,3633.73,UPI,CHECKOUT_TIMEOUT,checkout_abandonment,1,2026-08-17 04:10:52,1
TXN10092,CUST5673,14782.56,Debit Card,INSUFFICIENT_FUNDS,payment_failure,4,2026-08-21 04:51:02,0
TXN10093,CUST8529,13433.38,UPI,WRONG_OTP,payment_failure,1,2026-08-28 16:16:44,0
TXN10094,CUST2680,971.31,Net Banking,CARD_EXPIRED,payment_failure,3,2026-09-02 16:14:53,0
TXN10095,CUST2703,220.64,Net Banking,BANK_SERVER_DOWN,payment_failure,3,2026-08-31 00:31:54,0
TXN10096,CUST9395,4191.81,Credit Card,INSUFFICIENT_FUNDS,payment_failure,1,2026-08-13 20:14:27,0
TXN10097,CUST1877,6583.02,Credit Card,WRONG_OTP,payment_failure,2,2026-09-03 15:06:52,0
TXN10098,CUST2467,850.73,Net Banking,CART_ABANDONED,checkout_abandonment,1,2026-08-09 11:50:28,0
TXN10099,CUST3148,3166.16,Net Banking,CHECKOUT_TIMEOUT,checkout_abandonment,1,2026-08-06 11:30:12,1
TXN10100,CUST9351,9323.82,Debit Card,INSUFFICIENT_FUNDS,payment_failure,2,2026-08-31 21:01:56,0
TXN10101,CUST7421,8824.13,Credit Card,UPI_TIMEOUT,payment_failure,3,2026-08-15 02:07:06,1
TXN10102,CUST8503,4031.38,UPI,PROMO_INVALID,checkout_abandonment,1,2026-08-27 22:26:14,1
TXN10103,CUST8308,13861.41,UPI,INSUFFICIENT_FUNDS,payment_failure,1,2026-08-15 14:14:13,0
TXN10104,CUST5543,347649.64,Debit Card,CREDIT_LIMIT_HIT,b2b_receivable,1,2026-08-26 17:11:39,0
TXN10105,CUST6353,4785.93,Credit Card,UPI_TIMEOUT,payment_failure,4,2026-08-25 08:23:48,1
TXN10106,CUST7208,1275.8,UPI,MANDATE_EXPIRED,subscription_lapsed,2,2026-08-12 05:30:07,0
TXN10107,CUST8835,6130.91,Net Banking,UPI_TIMEOUT,payment_failure,1,2026-08-27 21:06:13,1
TXN10108,CUST8622,9640.63,Net Banking,UPI_TIMEOUT,payment_failure,1,2026-08-14 21:23:24,1
TXN10109,CUST5722,10117.65,Credit Card,UPI_TIMEOUT,payment_failure,1,2026-08-28 18:46:37,1
TXN10110,CUST4878,7729.09,UPI,WRONG_OTP,payment_failure,4,2026-08-19 10:45:59,0
TXN10111,CUST7102,1575.89,Credit Card,WRONG_OTP,payment_failure,3,2026-08-19 08:51:57,0
TXN10112,CUST3010,36367.74,Debit Card,INVOICE_OVERDUE,b2b_receivable,1,2026-08-12 09:01:33,0
TXN10113,CUST8391,7797.13,Net Banking,INSUFFICIENT_FUNDS,payment_failure,1,2026-08-29 02:44:27,0
TXN10114,CUST8245,1602.43,Debit Card,SHIPPING_CONFUSION,checkout_abandonment,2,2026-08-15 23:20:58,0
TXN10115,CUST6309,1810.91,Credit Card,MANDATE_EXPIRED,subscription_lapsed,3,2026-08-20 18:45:09,1
TXN10116,CUST7997,6200.15,Debit Card,CHECKOUT_TIMEOUT,checkout_abandonment,2,2026-08-29 20:45:10,0
TXN10117,CUST1188,9018.74,Net Banking,INSUFFICIENT_FUNDS,payment_failure,1,2026-08-31 13:56:25,0
TXN10118,CUST6582,805.7,Credit Card,MANDATE_EXPIRED,subscription_lapsed,4,2026-08-23 05:38:01,0
TXN10119,CUST8629,2044.52,UPI,SUBSCRIPTION_PAUSED,subscription_lapsed,4,2026-08-31 09:15:20,0
TXN10120,CUST6655,6741.7,Debit Card,INSUFFICIENT_FUNDS,payment_failure,1,2026-09-03 06:01:37,0
TXN10121,CUST3131,1578.9,UPI,CARD_EXPIRED,payment_failure,2,2026-08-11 16:51:39,0
TXN10122,CUST8305,56127.12,UPI,CREDIT_LIMIT_HIT,b2b_receivable,1,2026-08-12 15:41:56,0
TXN10123,CUST7802,4351.2,Credit Card,CART_ABANDONED,checkout_abandonment,2,2026-08-11 04:13:40,0
TXN10124,CUST7211,5026.83,Debit Card,WRONG_OTP,payment_failure,2,2026-08-16 00:40:51,1
TXN10125,CUST9719,5722.74,Net Banking,INSUFFICIENT_FUNDS,payment_failure,2,2026-09-01 10:55:44,1
TXN10126,CUST2311,14927.45,Credit Card,INSUFFICIENT_FUNDS,payment_failure,1,2026-08-18 04:23:09,0
TXN10127,CUST6168,12674.05,UPI,WRONG_OTP,payment_failure,1,2026-08-06 07:12:44,1
TXN10128,CUST2927,657.38,Debit Card,MANDATE_EXPIRED,subscription_lapsed,1,2026-08-07 05:37:31,0
TXN10129,CUST5708,730.34,UPI,CARD_EXPIRED,payment_failure,1,2026-08-07 01:43:58,0
TXN10130,CUST3155,978.71,Debit Card,PLAN_UPGRADE_FAILED,subscription_lapsed,1,2026-08-30 00:40:39,1
TXN10131,CUST3862,6959.38,Debit Card,INSUFFICIENT_FUNDS,payment_failure,1,2026-08-27 03:59:31,1
TXN10132,CUST2856,6590.37,Credit Card,CHECKOUT_TIMEOUT,checkout_abandonment,1,2026-08-10 04:06:21,1
TXN10133,CUST2040,2461.2,Credit Card,CARD_EXPIRED,payment_failure,2,2026-08-05 21:09:53,0
TXN10134,CUST7363,11765.02,Debit Card,INSUFFICIENT_FUNDS,payment_failure,3,2026-08-23 23:09:57,0
TXN10135,CUST5222,2876.19,Debit Card,CART_ABANDONED,checkout_abandonment,1,2026-08-08 19:41:38,0
TXN10136,CUST5978,13561.42,Debit Card,WRONG_OTP,payment_failure,1,2026-08-05 22:09:52,0
TXN10137,CUST5658,2068.06,Net Banking,WRONG_OTP,payment_failure,1,2026-08-05 22:05:22,1
TXN10138,CUST6542,13051.19,Credit Card,UPI_TIMEOUT,payment_failure,4,2026-08-15 18:10:47,0
TXN10139,CUST6113,10215.55,Credit Card,UPI_TIMEOUT,payment_failure,1,2026-08-16 17:21:26,0
TXN10140,CUST5127,5819.6,UPI,CART_ABANDONED,checkout_abandonment,1,2026-08-13 20:33:29,1
TXN10141,CUST5989,2075.4,Debit Card,MANDATE_EXPIRED,subscription_lapsed,1,2026-08-27 08:41:40,0
TXN10142,CUST6148,7423.71,Net Banking,INSUFFICIENT_FUNDS,payment_failure,1,2026-08-05 01:55:58,1
TXN10143,CUST9856,4628.6,Credit Card,BANK_SERVER_DOWN,payment_failure,2,2026-08-21 19:41:05,0
TXN10144,CUST1904,269975.52,Debit Card,INVOICE_OVERDUE,b2b_receivable,1,2026-08-30 12:07:03,1
TXN10145,CUST8069,5376.98,UPI,CART_ABANDONED,checkout_abandonment,3,2026-08-19 16:32:22,0
TXN10146,CUST7671,6367.65,UPI,UPI_TIMEOUT,payment_failure,1,2026-08-18 17:15:06,1
TXN10147,CUST1840,2011.64,Credit Card,MANDATE_REVOKED,subscription_lapsed,1,2026-08-28 20:52:13,1
TXN10148,CUST6395,1760.41,Net Banking,MANDATE_REVOKED,subscription_lapsed,4,2026-08-16 15:26:23,0
TXN10149,CUST3906,7301.82,Net Banking,CHECKOUT_TIMEOUT,checkout_abandonment,3,2026-08-21 05:22:26,0
TXN10150,CUST8439,1492.85,Debit Card,CART_ABANDONED,checkout_abandonment,3,2026-08-05 17:31:02,0
TXN10151,CUST5776,239582.93,Net Banking,PAYMENT_DISPUTE,b2b_receivable,1,2026-08-24 16:48:38,0
TXN10152,CUST1611,9758.94,UPI,UPI_TIMEOUT,payment_failure,2,2026-08-28 18:20:19,1
TXN10153,CUST2307,10627.37,UPI,INSUFFICIENT_FUNDS,payment_failure,2,2026-08-12 06:46:40,0
TXN10154,CUST9238,8224.03,Debit Card,INSUFFICIENT_FUNDS,payment_failure,1,2026-08-20 19:58:39,0
TXN10155,CUST4532,9240.22,Credit Card,UPI_TIMEOUT,payment_failure,1,2026-08-18 04:23:53,0
TXN10156,CUST4960,2134.47,Debit Card,BANK_SERVER_DOWN,payment_failure,1,2026-08-19 09:11:28,1
TXN10157,CUST3793,11421.18,UPI,UPI_TIMEOUT,payment_failure,1,2026-08-06 00:22:38,1
TXN10158,CUST3001,9743.08,UPI,BANK_SERVER_DOWN,payment_failure,1,2026-08-20 04:06:02,1
TXN10159,CUST8199,1447.16,Credit Card,BANK_SERVER_DOWN,payment_failure,1,2026-09-03 22:07:31,0
TXN10160,CUST2771,6292.77,Credit Card,WRONG_OTP,payment_failure,1,2026-08-25 21:16:13,0
TXN10161,CUST7131,12399.62,Net Banking,WRONG_OTP,payment_failure,2,2026-08-15 09:09:19,1
TXN10162,CUST4424,6492.77,Debit Card,CART_ABANDONED,checkout_abandonment,1,2026-08-22 21:06:33,1
TXN10163,CUST4994,2963.6,Credit Card,CART_ABANDONED,checkout_abandonment,3,2026-08-05 08:54:57,0
TXN10164,CUST1579,5867.48,Credit Card,INSUFFICIENT_FUNDS,payment_failure,1,2026-08-19 08:40:27,0
TXN10165,CUST8613,3832.57,UPI,UPI_TIMEOUT,payment_failure,1,2026-08-25 15:41:47,1
TXN10166,CUST2483,6245.29,Debit Card,CART_ABANDONED,checkout_abandonment,1,2026-08-15 23:40:05,0
TXN10167,CUST2276,2346.05,UPI,SHIPPING_CONFUSION,checkout_abandonment,2,2026-08-07 07:55:15,0
TXN10168,CUST1542,91822.69,Credit Card,INVOICE_OVERDUE,b2b_receivable,1,2026-08-25 07:01:09,0
TXN10169,CUST4256,448064.19,Net Banking,INVOICE_OVERDUE,b2b_receivable,2,2026-09-01 04:51:30,0
TXN10170,CUST5088,11982.41,UPI,CARD_EXPIRED,payment_failure,3,2026-08-14 19:40:35,0
TXN10171,CUST1706,484444.05,Net Banking,CREDIT_LIMIT_HIT,b2b_receivable,1,2026-08-20 12:39:26,0
TXN10172,CUST9784,220.3,Net Banking,MANDATE_REVOKED,subscription_lapsed,2,2026-08-29 21:09:52,0
TXN10173,CUST5374,493.62,Credit Card,CHECKOUT_TIMEOUT,checkout_abandonment,1,2026-08-16 16:45:45,1
TXN10174,CUST7348,2137.9,UPI,SHIPPING_CONFUSION,checkout_abandonment,2,2026-08-24 13:03:52,0
TXN10175,CUST4314,481.14,Credit Card,MANDATE_REVOKED,subscription_lapsed,2,2026-08-16 09:26:27,0
TXN10176,CUST9313,464266.59,Credit Card,PAYMENT_DISPUTE,b2b_receivable,1,2026-08-24 19:56:17,0
TXN10177,CUST5953,2257.73,UPI,MANDATE_REVOKED,subscription_lapsed,1,2026-08-13 16:08:54,0
TXN10178,CUST3615,6847.74,Debit Card,INSUFFICIENT_FUNDS,payment_failure,3,2026-08-20 20:23:53,1
TXN10179,CUST6747,2259.82,Credit Card,UPI_TIMEOUT,payment_failure,3,2026-08-27 18:48:41,0
TXN10180,CUST7251,6657.76,UPI,CART_ABANDONED,checkout_abandonment,2,2026-08-20 11:12:36,1
TXN10181,CUST5374,14050.15,UPI,INSUFFICIENT_FUNDS,payment_failure,1,2026-08-11 04:09:43,1
TXN10182,CUST9209,1094.0,Net Banking,UPI_TIMEOUT,payment_failure,1,2026-08-30 03:23:18,1
TXN10183,CUST2677,11400.19,Net Banking,INSUFFICIENT_FUNDS,payment_failure,1,2026-08-14 13:34:14,0
TXN10184,CUST5981,2413.85,Debit Card,PLAN_UPGRADE_FAILED,subscription_lapsed,1,2026-08-07 21:29:19,0
TXN10185,CUST8298,468154.21,Debit Card,INVOICE_OVERDUE,b2b_receivable,1,2026-09-02 15:24:29,1
TXN10186,CUST6653,3197.11,Credit Card,CHECKOUT_TIMEOUT,checkout_abandonment,1,2026-08-20 12:44:17,1
TXN10187,CUST8895,10385.66,UPI,INSUFFICIENT_FUNDS,payment_failure,1,2026-08-21 11:46:11,0
TXN10188,CUST6021,225401.87,Debit Card,PAYMENT_DISPUTE,b2b_receivable,2,2026-08-31 07:26:33,0
TXN10189,CUST2562,12710.73,Debit Card,UPI_TIMEOUT,payment_failure,2,2026-08-20 12:47:51,0
TXN10190,CUST8517,1178.66,Debit Card,INSUFFICIENT_FUNDS,payment_failure,1,2026-08-17 04:19:17,0
TXN10191,CUST5209,392962.6,Debit Card,INVOICE_OVERDUE,b2b_receivable,1,2026-08-17 05:48:20,1
TXN10192,CUST2486,206275.95,Credit Card,CREDIT_LIMIT_HIT,b2b_receivable,1,2026-09-01 00:02:54,0
TXN10193,CUST1474,10701.34,Net Banking,UPI_TIMEOUT,payment_failure,1,2026-08-15 21:20:48,0
TXN10194,CUST5934,8321.85,Net Banking,CARD_EXPIRED,payment_failure,1,2026-08-13 19:19:37,0
TXN10195,CUST5150,450449.12,Credit Card,CREDIT_LIMIT_HIT,b2b_receivable,3,2026-08-26 17:34:21,0
TXN10196,CUST3415,13561.01,UPI,UPI_TIMEOUT,payment_failure,1,2026-09-02 09:16:27,0
TXN10197,CUST8851,9947.87,Net Banking,UPI_TIMEOUT,payment_failure,2,2026-08-30 22:45:32,1
TXN10198,CUST7553,5111.82,UPI,CARD_EXPIRED,payment_failure,2,2026-08-28 05:11:22,0
TXN10199,CUST6008,5069.89,Credit Card,CART_ABANDONED,checkout_abandonment,1,2026-08-26 10:00:20,0
TXN10200,CUST9850,3674.28,Credit Card,UPI_TIMEOUT,payment_failure,1,2026-08-29 20:53:22,1
TXN10201,CUST7504,2790.13,Credit Card,BANK_SERVER_DOWN,payment_failure,4,2026-08-23 18:10:50,1
TXN10202,CUST2108,369.07,Debit Card,PLAN_UPGRADE_FAILED,subscription_lapsed,1,2026-08-16 13:04:42,0
TXN10203,CUST8527,1630.5,Debit Card,UPI_TIMEOUT,payment_failure,2,2026-08-27 01:22:06,0
TXN10204,CUST4560,5701.21,Debit Card,CART_ABANDONED,checkout_abandonment,2,2026-08-05 00:37:35,0
TXN10205,CUST4996,5276.9,UPI,UPI_TIMEOUT,payment_failure,2,2026-08-10 08:20:07,1
TXN10206,CUST2914,1187.2,Credit Card,MANDATE_EXPIRED,subscription_lapsed,2,2026-08-16 21:37:54,0
TXN10207,CUST4056,8252.61,Credit Card,UPI_TIMEOUT,payment_failure,1,2026-08-16 12:43:23,1
TXN10208,CUST3320,2825.58,Debit Card,UPI_TIMEOUT,payment_failure,1,2026-08-19 14:19:19,1
TXN10209,CUST5093,14862.0,UPI,UPI_TIMEOUT,payment_failure,4,2026-08-26 18:28:51,0
TXN10210,CUST5952,14711.54,Credit Card,INSUFFICIENT_FUNDS,payment_failure,1,2026-08-17 15:59:36,0
TXN10211,CUST3986,2790.49,Net Banking,CARD_EXPIRED,payment_failure,4,2026-08-23 07:53:04,0
TXN10212,CUST3442,6529.19,UPI,INSUFFICIENT_FUNDS,payment_failure,1,2026-08-16 01:30:01,0
TXN10213,CUST2988,3438.07,Net Banking,WRONG_OTP,payment_failure,1,2026-08-12 06:10:35,1
TXN10214,CUST3393,6393.76,Debit Card,CART_ABANDONED,checkout_abandonment,1,2026-08-24 07:00:58,0
TXN10215,CUST2375,8104.56,Net Banking,BANK_SERVER_DOWN,payment_failure,2,2026-08-18 18:53:28,0
TXN10216,CUST9700,8099.52,Debit Card,UPI_TIMEOUT,payment_failure,4,2026-08-10 05:40:37,0
TXN10217,CUST5837,1777.58,Net Banking,CARD_EXPIRED,payment_failure,2,2026-08-24 15:20:20,0
TXN10218,CUST6886,332063.37,Debit Card,PAYMENT_DISPUTE,b2b_receivable,2,2026-08-15 14:24:12,0
TXN10219,CUST6690,5262.87,UPI,CART_ABANDONED,checkout_abandonment,1,2026-08-16 07:42:55,1
TXN10220,CUST2252,1377.15,Credit Card,SHIPPING_CONFUSION,checkout_abandonment,1,2026-08-12 04:31:53,0
TXN10221,CUST9230,174.65,UPI,MANDATE_EXPIRED,subscription_lapsed,2,2026-08-17 18:58:20,0
TXN10222,CUST7771,10113.21,Credit Card,UPI_TIMEOUT,payment_failure,2,2026-08-20 08:02:24,1
TXN10223,CUST2260,1135.42,Net Banking,INSUFFICIENT_FUNDS,payment_failure,1,2026-08-29 12:11:58,1
TXN10224,CUST3262,2660.54,Debit Card,CART_ABANDONED,checkout_abandonment,2,2026-08-06 10:10:06,0
TXN10225,CUST4471,11406.15,Credit Card,UPI_TIMEOUT,payment_failure,4,2026-08-19 23:42:47,1
TXN10226,CUST8286,4886.15,UPI,WRONG_OTP,payment_failure,1,2026-09-02 12:50:12,0
TXN10227,CUST3621,9634.82,Debit Card,UPI_TIMEOUT,payment_failure,1,2026-09-02 20:30:35,1
TXN10228,CUST9595,11131.09,Debit Card,UPI_TIMEOUT,payment_failure,2,2026-08-27 02:40:57,0
TXN10229,CUST4259,3469.97,Debit Card,CART_ABANDONED,checkout_abandonment,3,2026-09-03 11:15:18,0
TXN10230,CUST8341,5803.22,Credit Card,INSUFFICIENT_FUNDS,payment_failure,1,2026-08-19 03:35:56,0
TXN10231,CUST1647,12475.04,UPI,INSUFFICIENT_FUNDS,payment_failure,1,2026-08-27 08:35:18,0
TXN10232,CUST3126,588.03,Debit Card,WRONG_OTP,payment_failure,1,2026-08-08 07:49:56,0
TXN10233,CUST4612,4391.33,Net Banking,INSUFFICIENT_FUNDS,payment_failure,1,2026-08-10 02:51:22,0
TXN10234,CUST3381,65137.56,UPI,CREDIT_LIMIT_HIT,b2b_receivable,1,2026-08-20 16:40:26,0
TXN10235,CUST4610,74014.53,UPI,PAYMENT_DISPUTE,b2b_receivable,1,2026-08-14 20:06:09,0
TXN10236,CUST7159,320851.03,UPI,PAYMENT_DISPUTE,b2b_receivable,1,2026-08-11 06:00:39,0
TXN10237,CUST6120,6911.24,Net Banking,UPI_TIMEOUT,payment_failure,2,2026-08-31 15:01:29,1
TXN10238,CUST9489,6615.58,Net Banking,PROMO_INVALID,checkout_abandonment,1,2026-08-26 20:22:37,1
TXN10239,CUST6067,10017.8,UPI,INSUFFICIENT_FUNDS,payment_failure,2,2026-08-15 23:30:37,0
TXN10240,CUST9565,787.22,UPI,INSUFFICIENT_FUNDS,payment_failure,1,2026-08-05 05:22:21,0
TXN10241,CUST3188,9652.57,Debit Card,WRONG_OTP,payment_failure,1,2026-08-05 10:08:40,1
TXN10242,CUST1692,5408.03,UPI,CHECKOUT_TIMEOUT,checkout_abandonment,2,2026-08-15 11:06:52,0
TXN10243,CUST9267,3519.18,Credit Card,UPI_TIMEOUT,payment_failure,1,2026-08-15 17:42:04,1
TXN10244,CUST4943,3474.46,Net Banking,SHIPPING_CONFUSION,checkout_abandonment,3,2026-08-24 13:04:23,0
TXN10245,CUST3173,5105.71,Debit Card,CART_ABANDONED,checkout_abandonment,2,2026-08-21 02:58:04,0
TXN10246,CUST1797,1194.97,UPI,UPI_TIMEOUT,payment_failure,1,2026-08-15 13:13:59,1
TXN10247,CUST5982,2108.82,UPI,WRONG_OTP,payment_failure,3,2026-08-13 20:15:40,0
TXN10248,CUST6869,12737.92,UPI,CARD_EXPIRED,payment_failure,2,2026-08-07 04:01:44,0
TXN10249,CUST2679,569.18,Debit Card,INSUFFICIENT_FUNDS,payment_failure,1,2026-08-15 06:48:42,1
TXN10250,CUST6211,4861.45,Net Banking,UPI_TIMEOUT,payment_failure,2,2026-08-08 09:29:20,0
TXN10251,CUST6992,4008.2,Credit Card,PROMO_INVALID,checkout_abandonment,3,2026-08-09 14:21:48,0
TXN10252,CUST2288,12698.21,Credit Card,UPI_TIMEOUT,payment_failure,1,2026-08-14 16:50:03,1
TXN10253,CUST2625,8909.76,Net Banking,UPI_TIMEOUT,payment_failure,1,2026-08-08 13:49:14,1
TXN10254,CUST7086,6930.29,Debit Card,INSUFFICIENT_FUNDS,payment_failure,2,2026-08-17 01:29:44,0
TXN10255,CUST2729,9783.29,UPI,UPI_TIMEOUT,payment_failure,3,2026-08-23 04:13:45,0
TXN10256,CUST1964,3604.93,Credit Card,INSUFFICIENT_FUNDS,payment_failure,1,2026-08-30 12:57:59,0
TXN10257,CUST9283,945.08,UPI,SUBSCRIPTION_PAUSED,subscription_lapsed,1,2026-08-21 13:49:56,1
TXN10258,CUST8717,12616.64,Net Banking,INSUFFICIENT_FUNDS,payment_failure,1,2026-08-27 01:30:41,0
TXN10259,CUST3798,288.56,UPI,MANDATE_REVOKED,subscription_lapsed,1,2026-08-29 23:30:35,0
TXN10260,CUST2079,10247.37,UPI,WRONG_OTP,payment_failure,2,2026-08-17 15:50:50,0
TXN10261,CUST2624,5836.77,Debit Card,WRONG_OTP,payment_failure,1,2026-08-14 21:25:20,0
TXN10262,CUST8424,185275.57,Credit Card,INVOICE_OVERDUE,b2b_receivable,1,2026-08-24 08:47:39,1
TXN10263,CUST3207,3677.57,Credit Card,SHIPPING_CONFUSION,checkout_abandonment,1,2026-08-27 09:42:36,1
TXN10264,CUST7505,1946.46,Debit Card,CHECKOUT_TIMEOUT,checkout_abandonment,1,2026-08-08 18:30:41,1
TXN10265,CUST1379,2557.43,Net Banking,UPI_TIMEOUT,payment_failure,1,2026-08-11 20:16:20,1
TXN10266,CUST6974,12551.84,Credit Card,INSUFFICIENT_FUNDS,payment_failure,1,2026-08-21 14:07:51,1
TXN10267,CUST2742,53159.66,Credit Card,PAYMENT_DISPUTE,b2b_receivable,3,2026-08-13 02:18:29,0
TXN10268,CUST1349,12397.85,UPI,BANK_SERVER_DOWN,payment_failure,2,2026-08-14 22:51:53,0
TXN10269,CUST8005,1519.83,Debit Card,PLAN_UPGRADE_FAILED,subscription_lapsed,3,2026-08-24 22:43:59,0
TXN10270,CUST6546,9497.83,Debit Card,WRONG_OTP,payment_failure,1,2026-08-18 02:21:27,1
TXN10271,CUST6095,1948.85,Debit Card,UPI_TIMEOUT,payment_failure,1,2026-08-05 15:49:45,1
TXN10272,CUST8727,7727.16,UPI,CART_ABANDONED,checkout_abandonment,3,2026-08-24 23:03:07,0
TXN10273,CUST7291,1482.07,UPI,CARD_EXPIRED,payment_failure,1,2026-09-02 19:45:27,0
TXN10274,CUST2885,10511.79,Debit Card,INSUFFICIENT_FUNDS,payment_failure,1,2026-08-19 09:05:49,1
TXN10275,CUST4583,12669.5,Credit Card,INSUFFICIENT_FUNDS,payment_failure,1,2026-08-30 20:27:55,1
TXN10276,CUST3209,3368.06,Net Banking,CART_ABANDONED,checkout_abandonment,2,2026-08-19 18:56:34,1
TXN10277,CUST8277,845.69,Debit Card,WRONG_OTP,payment_failure,2,2026-08-24 06:59:52,1
TXN10278,CUST4337,3114.83,Debit Card,CART_ABANDONED,checkout_abandonment,4,2026-08-24 20:38:20,0
TXN10279,CUST1157,13999.42,UPI,UPI_TIMEOUT,payment_failure,1,2026-08-05 01:58:14,1
TXN10280,CUST8816,3912.29,UPI,CART_ABANDONED,checkout_abandonment,2,2026-08-31 21:20:14,0
TXN10281,CUST2741,5455.41,Debit Card,UPI_TIMEOUT,payment_failure,1,2026-08-29 20:08:03,1
TXN10282,CUST2226,14028.63,Net Banking,UPI_TIMEOUT,payment_failure,3,2026-08-20 02:31:23,0
TXN10283,CUST6241,13726.34,Net Banking,INSUFFICIENT_FUNDS,payment_failure,1,2026-08-17 09:02:54,1
TXN10284,CUST2341,12069.33,Credit Card,WRONG_OTP,payment_failure,2,2026-08-17 23:36:36,0
TXN10285,CUST3859,107049.31,Debit Card,CREDIT_LIMIT_HIT,b2b_receivable,1,2026-08-28 09:30:39,0
TXN10286,CUST2577,5616.87,UPI,CART_ABANDONED,checkout_abandonment,1,2026-08-30 09:28:59,1
TXN10287,CUST3174,1048.28,UPI,MANDATE_EXPIRED,subscription_lapsed,3,2026-08-19 16:51:41,0
TXN10288,CUST1694,2638.77,UPI,MANDATE_REVOKED,subscription_lapsed,1,2026-08-30 17:34:07,0
TXN10289,CUST4982,1587.84,Debit Card,CART_ABANDONED,checkout_abandonment,2,2026-08-21 01:27:36,0
TXN10290,CUST1040,11296.83,Debit Card,INSUFFICIENT_FUNDS,payment_failure,1,2026-09-01 10:27:12,0
TXN10291,CUST8620,12104.01,UPI,UPI_TIMEOUT,payment_failure,4,2026-08-28 17:34:22,1
TXN10292,CUST5706,14038.41,Net Banking,INSUFFICIENT_FUNDS,payment_failure,1,2026-08-06 13:49:49,1
TXN10293,CUST8272,12265.01,Net Banking,UPI_TIMEOUT,payment_failure,1,2026-08-19 15:44:26,1
TXN10294,CUST2939,1737.05,Credit Card,SUBSCRIPTION_PAUSED,subscription_lapsed,1,2026-08-26 02:52:41,1
TXN10295,CUST9261,8514.45,Debit Card,UPI_TIMEOUT,payment_failure,2,2026-08-14 15:07:16,1
TXN10296,CUST1224,9523.96,Credit Card,UPI_TIMEOUT,payment_failure,2,2026-08-07 15:37:52,1
TXN10297,CUST9948,2554.73,Credit Card,MANDATE_REVOKED,subscription_lapsed,2,2026-08-14 06:23:12,0
TXN10298,CUST4111,6187.47,UPI,BANK_SERVER_DOWN,payment_failure,2,2026-08-26 09:03:44,0
TXN10299,CUST6465,5785.73,UPI,CHECKOUT_TIMEOUT,checkout_abandonment,1,2026-09-02 13:18:33,1
TXN10300,CUST8406,7415.68,Credit Card,WRONG_OTP,payment_failure,1,2026-08-06 04:14:19,1
TXN10301,CUST8898,204936.81,UPI,INVOICE_OVERDUE,b2b_receivable,1,2026-09-03 14:17:41,1
TXN10302,CUST1430,4322.09,Credit Card,UPI_TIMEOUT,payment_failure,3,2026-08-05 01:16:15,0
TXN10303,CUST9311,10757.58,Net Banking,UPI_TIMEOUT,payment_failure,3,2026-09-01 23:32:21,0
TXN10304,CUST8905,4681.37,Credit Card,CHECKOUT_TIMEOUT,checkout_abandonment,2,2026-08-21 19:24:56,0
TXN10305,CUST8777,13621.36,Net Banking,INSUFFICIENT_FUNDS,payment_failure,3,2026-09-03 05:40:24,0
TXN10306,CUST2245,14619.96,UPI,INSUFFICIENT_FUNDS,payment_failure,1,2026-08-21 06:47:18,1
TXN10307,CUST9409,4601.02,Debit Card,CHECKOUT_TIMEOUT,checkout_abandonment,1,2026-09-02 17:06:22,1
TXN10308,CUST2857,5555.33,Debit Card,PROMO_INVALID,checkout_abandonment,1,2026-09-03 06:06:53,0
TXN10309,CUST8972,783.85,UPI,MANDATE_REVOKED,subscription_lapsed,2,2026-08-19 00:52:22,0
TXN10310,CUST8170,6358.85,Debit Card,CART_ABANDONED,checkout_abandonment,2,2026-08-16 13:50:20,1
TXN10311,CUST6374,3659.8,UPI,UPI_TIMEOUT,payment_failure,2,2026-08-27 08:04:47,0
TXN10312,CUST5533,2194.79,Credit Card,CART_ABANDONED,checkout_abandonment,2,2026-08-08 18:05:13,0
TXN10313,CUST7163,11166.08,UPI,UPI_TIMEOUT,payment_failure,1,2026-08-27 14:31:56,1
TXN10314,CUST2097,9482.58,Debit Card,BANK_SERVER_DOWN,payment_failure,1,2026-09-01 06:08:30,0
TXN10315,CUST1939,825.9,Debit Card,INSUFFICIENT_FUNDS,payment_failure,2,2026-08-06 03:11:06,0
TXN10316,CUST8248,10891.72,Credit Card,INSUFFICIENT_FUNDS,payment_failure,3,2026-08-14 14:59:55,0
TXN10317,CUST4920,8517.43,Debit Card,UPI_TIMEOUT,payment_failure,1,2026-08-10 01:11:52,1
TXN10318,CUST3522,1578.59,UPI,INSUFFICIENT_FUNDS,payment_failure,1,2026-08-09 09:48:31,1
TXN10319,CUST5703,4793.35,Net Banking,INSUFFICIENT_FUNDS,payment_failure,1,2026-08-27 14:33:34,0
TXN10320,CUST8684,11335.14,Net Banking,INSUFFICIENT_FUNDS,payment_failure,1,2026-09-01 16:57:16,1
TXN10321,CUST8794,115.68,Net Banking,MANDATE_REVOKED,subscription_lapsed,1,2026-08-26 21:04:10,0
TXN10322,CUST9814,933.14,UPI,CART_ABANDONED,checkout_abandonment,1,2026-08-20 17:10:58,0
TXN10323,CUST9381,479023.73,Net Banking,CREDIT_LIMIT_HIT,b2b_receivable,1,2026-08-28 11:44:44,0
TXN10324,CUST1775,133703.69,Net Banking,INVOICE_OVERDUE,b2b_receivable,1,2026-08-20 15:51:48,1
TXN10325,CUST9270,12060.77,Debit Card,INSUFFICIENT_FUNDS,payment_failure,4,2026-08-12 02:11:30,0
TXN10326,CUST7818,12204.71,Debit Card,UPI_TIMEOUT,payment_failure,1,2026-08-09 09:15:56,1
TXN10327,CUST5397,2709.0,Net Banking,INSUFFICIENT_FUNDS,payment_failure,1,2026-08-15 15:07:27,1
TXN10328,CUST8692,5522.1,Net Banking,UPI_TIMEOUT,payment_failure,1,2026-08-11 01:17:14,0
TXN10329,CUST2275,12953.97,UPI,UPI_TIMEOUT,payment_failure,1,2026-09-01 16:13:34,1
TXN10330,CUST2294,12108.12,Debit Card,BANK_SERVER_DOWN,payment_failure,1,2026-08-26 13:29:57,0
TXN10331,CUST2898,12813.13,Debit Card,CARD_EXPIRED,payment_failure,3,2026-09-02 13:20:38,0
TXN10332,CUST7502,9372.38,Debit Card,UPI_TIMEOUT,payment_failure,3,2026-08-30 21:33:31,1
TXN10333,CUST5888,3078.44,UPI,INSUFFICIENT_FUNDS,payment_failure,3,2026-08-12 04:27:19,0
TXN10334,CUST3298,7402.21,Credit Card,INSUFFICIENT_FUNDS,payment_failure,2,2026-08-17 15:25:07,0
TXN10335,CUST1510,1723.09,Debit Card,MANDATE_EXPIRED,subscription_lapsed,1,2026-08-30 20:59:58,1
TXN10336,CUST7033,4514.9,Debit Card,INSUFFICIENT_FUNDS,payment_failure,2,2026-09-03 12:42:17,0
TXN10337,CUST4272,1941.59,UPI,WRONG_OTP,payment_failure,2,2026-08-17 19:33:08,0
TXN10338,CUST8300,189551.42,Debit Card,INVOICE_OVERDUE,b2b_receivable,1,2026-08-25 17:51:33,1
TXN10339,CUST9039,168266.28,Net Banking,INVOICE_OVERDUE,b2b_receivable,2,2026-08-26 04:50:54,0
TXN10340,CUST4315,829.16,Net Banking,CHECKOUT_TIMEOUT,checkout_abandonment,1,2026-08-07 14:55:29,1
TXN10341,CUST4978,8522.87,Net Banking,BANK_SERVER_DOWN,payment_failure,2,2026-08-15 05:09:36,1
TXN10342,CUST8763,1458.41,Debit Card,SUBSCRIPTION_PAUSED,subscription_lapsed,1,2026-08-06 16:29:17,1
TXN10343,CUST1027,13512.57,Credit Card,UPI_TIMEOUT,payment_failure,1,2026-08-09 09:35:27,1
TXN10344,CUST6424,1007.07,Credit Card,CHECKOUT_TIMEOUT,checkout_abandonment,3,2026-08-12 07:44:59,0
TXN10345,CUST3481,10567.41,Credit Card,INSUFFICIENT_FUNDS,payment_failure,1,2026-08-16 05:48:36,0
TXN10346,CUST1328,9780.87,Credit Card,CARD_EXPIRED,payment_failure,1,2026-08-10 08:34:38,0
TXN10347,CUST5192,11736.77,UPI,BANK_SERVER_DOWN,payment_failure,2,2026-08-06 05:20:47,1
TXN10348,CUST8723,5905.13,Debit Card,SHIPPING_CONFUSION,checkout_abandonment,4,2026-08-12 12:58:05,0
TXN10349,CUST6877,1333.29,Debit Card,SHIPPING_CONFUSION,checkout_abandonment,3,2026-08-10 23:23:51,0
TXN10350,CUST8772,1912.81,Net Banking,UPI_TIMEOUT,payment_failure,1,2026-08-25 16:47:42,1
TXN10351,CUST3869,4646.71,UPI,UPI_TIMEOUT,payment_failure,2,2026-08-18 10:48:54,1
TXN10352,CUST3162,1250.05,UPI,INSUFFICIENT_FUNDS,payment_failure,4,2026-08-30 01:18:23,0
TXN10353,CUST4842,4050.85,Debit Card,CHECKOUT_TIMEOUT,checkout_abandonment,1,2026-08-06 08:26:10,0
TXN10354,CUST6766,7139.5,Debit Card,INSUFFICIENT_FUNDS,payment_failure,2,2026-08-30 23:15:38,0
TXN10355,CUST9019,5023.9,Net Banking,UPI_TIMEOUT,payment_failure,1,2026-08-11 22:54:36,1
TXN10356,CUST6883,14912.49,UPI,UPI_TIMEOUT,payment_failure,4,2026-08-30 13:35:01,0
TXN10357,CUST7652,2135.44,Net Banking,MANDATE_EXPIRED,subscription_lapsed,2,2026-08-28 03:32:36,0
TXN10358,CUST3591,1583.6,Credit Card,SHIPPING_CONFUSION,checkout_abandonment,1,2026-09-01 12:23:38,0
TXN10359,CUST2638,13949.4,UPI,INSUFFICIENT_FUNDS,payment_failure,1,2026-08-25 23:07:54,0
TXN10360,CUST8751,12695.74,Debit Card,CARD_EXPIRED,payment_failure,2,2026-08-22 13:14:18,0
TXN10361,CUST8113,700.13,Credit Card,CART_ABANDONED,checkout_abandonment,4,2026-08-21 19:16:14,0
TXN10362,CUST5489,10390.85,Credit Card,UPI_TIMEOUT,payment_failure,3,2026-08-09 11:35:14,1
TXN10363,CUST2290,13204.96,Debit Card,BANK_SERVER_DOWN,payment_failure,1,2026-08-11 18:13:17,1
TXN10364,CUST8585,14685.1,UPI,UPI_TIMEOUT,payment_failure,2,2026-08-06 11:14:31,0
TXN10365,CUST6362,143189.58,Net Banking,PAYMENT_DISPUTE,b2b_receivable,2,2026-08-28 06:52:25,0
TXN10366,CUST7563,13260.23,Debit Card,INSUFFICIENT_FUNDS,payment_failure,2,2026-08-23 20:18:54,0
TXN10367,CUST7244,6522.0,Net Banking,INSUFFICIENT_FUNDS,payment_failure,1,2026-08-05 06:05:04,0
TXN10368,CUST3315,1930.65,Debit Card,CHECKOUT_TIMEOUT,checkout_abandonment,1,2026-08-18 08:54:38,0
TXN10369,CUST3236,8358.27,Net Banking,UPI_TIMEOUT,payment_failure,1,2026-08-10 13:41:16,1
TXN10370,CUST7844,115091.27,Credit Card,INVOICE_OVERDUE,b2b_receivable,3,2026-08-16 17:57:40,0
TXN10371,CUST8259,713.33,Debit Card,PROMO_INVALID,checkout_abandonment,1,2026-08-08 12:29:07,0
TXN10372,CUST9589,1824.63,Net Banking,CART_ABANDONED,checkout_abandonment,2,2026-08-18 08:15:09,1
TXN10373,CUST8956,11072.32,Credit Card,INSUFFICIENT_FUNDS,payment_failure,1,2026-08-16 07:08:43,1
TXN10374,CUST6846,14417.76,Debit Card,WRONG_OTP,payment_failure,1,2026-08-26 20:46:41,0
TXN10375,CUST1378,7528.47,Net Banking,SHIPPING_CONFUSION,checkout_abandonment,1,2026-08-17 06:49:51,1
TXN10376,CUST1256,2988.7,UPI,UPI_TIMEOUT,payment_failure,1,2026-08-26 22:33:14,1
TXN10377,CUST3463,8457.41,Net Banking,UPI_TIMEOUT,payment_failure,1,2026-08-30 04:23:19,1
TXN10378,CUST5825,8916.05,Credit Card,UPI_TIMEOUT,payment_failure,1,2026-08-25 11:10:00,1
TXN10379,CUST3662,2403.47,Credit Card,INSUFFICIENT_FUNDS,payment_failure,1,2026-08-21 19:20:54,0
TXN10380,CUST2293,11999.7,Debit Card,INSUFFICIENT_FUNDS,payment_failure,3,2026-08-14 20:01:08,0
TXN10381,CUST1025,442.26,Credit Card,INSUFFICIENT_FUNDS,payment_failure,2,2026-08-06 04:12:00,0
TXN10382,CUST5614,1067.0,Credit Card,MANDATE_REVOKED,subscription_lapsed,1,2026-08-06 09:42:55,0
TXN10383,CUST1144,1981.25,Net Banking,CART_ABANDONED,checkout_abandonment,4,2026-08-12 23:29:34,0
TXN10384,CUST8289,2542.74,Debit Card,CART_ABANDONED,checkout_abandonment,2,2026-08-18 23:25:00,0
TXN10385,CUST3234,6630.16,UPI,CART_ABANDONED,checkout_abandonment,1,2026-08-14 10:52:08,0
TXN10386,CUST9849,1345.83,Debit Card,UPI_TIMEOUT,payment_failure,1,2026-08-10 16:41:13,1
TXN10387,CUST9785,12992.29,Debit Card,UPI_TIMEOUT,payment_failure,1,2026-08-12 16:28:44,1
TXN10388,CUST6918,3144.02,UPI,CART_ABANDONED,checkout_abandonment,2,2026-08-11 16:44:09,0
TXN10389,CUST3473,13254.19,Debit Card,WRONG_OTP,payment_failure,3,2026-08-14 19:18:32,0
TXN10390,CUST5102,6678.27,UPI,INSUFFICIENT_FUNDS,payment_failure,3,2026-08-12 05:59:41,0
TXN10391,CUST5365,251362.18,UPI,INVOICE_OVERDUE,b2b_receivable,4,2026-08-23 08:55:31,0
TXN10392,CUST7113,6434.93,Debit Card,CHECKOUT_TIMEOUT,checkout_abandonment,4,2026-08-25 14:18:16,1
TXN10393,CUST2463,8473.23,Credit Card,WRONG_OTP,payment_failure,4,2026-08-19 12:35:15,0
TXN10394,CUST3091,5174.05,Net Banking,UPI_TIMEOUT,payment_failure,2,2026-08-09 13:44:33,0
TXN10395,CUST7347,811.59,Net Banking,PLAN_UPGRADE_FAILED,subscription_lapsed,4,2026-08-11 03:01:47,0
TXN10396,CUST4796,4022.46,Debit Card,CHECKOUT_TIMEOUT,checkout_abandonment,1,2026-08-10 11:34:36,0
TXN10397,CUST7274,14006.15,Credit Card,INSUFFICIENT_FUNDS,payment_failure,4,2026-08-08 13:59:34,0
TXN10398,CUST4084,14322.58,UPI,INSUFFICIENT_FUNDS,payment_failure,1,2026-08-27 12:33:59,0
TXN10399,CUST7430,4546.83,Net Banking,PROMO_INVALID,checkout_abandonment,2,2026-09-03 21:29:43,1
TXN10400,CUST3192,6947.17,Debit Card,BANK_SERVER_DOWN,payment_failure,1,2026-08-29 12:14:35,0
TXN10401,CUST1291,7576.65,Debit Card,UPI_TIMEOUT,payment_failure,1,2026-08-19 00:05:08,1
TXN10402,CUST5951,3475.46,UPI,BANK_SERVER_DOWN,payment_failure,2,2026-08-12 22:53:29,1
TXN10403,CUST6633,7591.69,Debit Card,CHECKOUT_TIMEOUT,checkout_abandonment,1,2026-09-03 17:34:40,0
TXN10404,CUST5402,12461.36,Net Banking,WRONG_OTP,payment_failure,1,2026-08-20 03:03:38,0
TXN10405,CUST3409,354198.42,Net Banking,INVOICE_OVERDUE,b2b_receivable,3,2026-08-18 21:27:01,0
TXN10406,CUST9981,6196.96,Debit Card,CART_ABANDONED,checkout_abandonment,2,2026-08-27 13:47:40,0
TXN10407,CUST1396,3484.0,Debit Card,CART_ABANDONED,checkout_abandonment,1,2026-08-08 10:55:48,1
TXN10408,CUST3056,1143.83,Net Banking,SUBSCRIPTION_PAUSED,subscription_lapsed,1,2026-08-14 03:28:27,0
TXN10409,CUST2052,2431.44,Net Banking,UPI_TIMEOUT,payment_failure,2,2026-08-08 06:38:47,0
TXN10410,CUST7690,8862.46,Net Banking,UPI_TIMEOUT,payment_failure,4,2026-09-02 04:44:50,0
TXN10411,CUST4919,11326.05,Debit Card,INSUFFICIENT_FUNDS,payment_failure,2,2026-08-18 20:31:22,0
TXN10412,CUST5934,7450.37,UPI,CART_ABANDONED,checkout_abandonment,2,2026-08-22 18:56:10,0
TXN10413,CUST5341,4762.94,Net Banking,CARD_EXPIRED,payment_failure,1,2026-09-01 16:15:48,0
TXN10414,CUST1901,1475.04,Net Banking,UPI_TIMEOUT,payment_failure,1,2026-08-22 01:59:29,1
TXN10415,CUST7704,2628.66,Credit Card,UPI_TIMEOUT,payment_failure,3,2026-08-23 13:52:05,0
TXN10416,CUST5329,1637.4,UPI,CART_ABANDONED,checkout_abandonment,1,2026-09-02 23:54:49,1
TXN10417,CUST6375,13562.65,Credit Card,CARD_EXPIRED,payment_failure,2,2026-08-12 15:46:52,0
TXN10418,CUST5597,4049.17,UPI,SHIPPING_CONFUSION,checkout_abandonment,1,2026-08-25 08:11:08,0
TXN10419,CUST1436,14702.47,Debit Card,WRONG_OTP,payment_failure,2,2026-08-05 11:38:06,0
TXN10420,CUST7911,7665.73,Credit Card,CART_ABANDONED,checkout_abandonment,2,2026-08-25 14:46:13,0
TXN10421,CUST3321,13824.02,UPI,UPI_TIMEOUT,payment_failure,1,2026-08-25 04:39:35,0
TXN10422,CUST2606,449694.51,Credit Card,CREDIT_LIMIT_HIT,b2b_receivable,2,2026-08-31 19:50:46,0
TXN10423,CUST3519,1882.17,Net Banking,SHIPPING_CONFUSION,checkout_abandonment,2,2026-08-07 15:45:46,0
TXN10424,CUST7653,14358.38,Net Banking,UPI_TIMEOUT,payment_failure,1,2026-08-07 03:39:15,0
TXN10425,CUST8348,11580.56,Net Banking,INSUFFICIENT_FUNDS,payment_failure,1,2026-08-14 21:01:39,0
TXN10426,CUST8006,454681.24,Debit Card,PAYMENT_DISPUTE,b2b_receivable,1,2026-08-08 21:13:21,0
TXN10427,CUST7338,1200.72,UPI,BANK_SERVER_DOWN,payment_failure,1,2026-08-20 15:23:59,1
TXN10428,CUST8265,4029.8,UPI,INSUFFICIENT_FUNDS,payment_failure,1,2026-08-23 02:53:35,1
TXN10429,CUST1862,1351.81,Debit Card,UPI_TIMEOUT,payment_failure,1,2026-08-20 12:39:36,1
TXN10430,CUST4012,4916.59,Net Banking,WRONG_OTP,payment_failure,1,2026-08-17 23:14:56,1
TXN10431,CUST1916,9921.25,Debit Card,UPI_TIMEOUT,payment_failure,1,2026-08-28 15:04:55,0
TXN10432,CUST5566,11493.41,Credit Card,INSUFFICIENT_FUNDS,payment_failure,1,2026-08-25 00:30:44,0
TXN10433,CUST1941,7466.21,Net Banking,CHECKOUT_TIMEOUT,checkout_abandonment,2,2026-08-16 02:27:33,0
TXN10434,CUST9548,5559.75,Net Banking,INSUFFICIENT_FUNDS,payment_failure,2,2026-09-01 21:33:58,0
TXN10435,CUST5578,2888.04,UPI,MANDATE_REVOKED,subscription_lapsed,1,2026-08-08 00:44:38,0
TXN10436,CUST3233,1498.18,UPI,CART_ABANDONED,checkout_abandonment,1,2026-09-02 20:03:48,0
TXN10437,CUST8923,7045.95,Debit Card,PROMO_INVALID,checkout_abandonment,2,2026-09-03 04:53:51,0
TXN10438,CUST2169,5457.36,Debit Card,UPI_TIMEOUT,payment_failure,2,2026-08-24 21:34:00,0
TXN10439,CUST3988,6020.28,Debit Card,CART_ABANDONED,checkout_abandonment,1,2026-08-09 17:51:31,0
TXN10440,CUST2761,4363.36,Net Banking,UPI_TIMEOUT,payment_failure,1,2026-08-30 16:36:36,1
TXN10441,CUST8798,298896.61,Debit Card,CREDIT_LIMIT_HIT,b2b_receivable,1,2026-08-25 03:16:57,0
TXN10442,CUST7068,234561.52,Credit Card,PAYMENT_DISPUTE,b2b_receivable,3,2026-08-14 06:32:56,0
TXN10443,CUST2505,3125.91,Credit Card,CART_ABANDONED,checkout_abandonment,1,2026-09-02 10:18:37,0
TXN10444,CUST8842,1475.08,Debit Card,INSUFFICIENT_FUNDS,payment_failure,1,2026-08-17 04:00:37,0
TXN10445,CUST1829,1560.38,Debit Card,CARD_EXPIRED,payment_failure,1,2026-08-13 16:21:53,0
TXN10446,CUST3378,995.1,Credit Card,PLAN_UPGRADE_FAILED,subscription_lapsed,1,2026-08-05 04:26:00,0
TXN10447,CUST8848,9363.43,Credit Card,UPI_TIMEOUT,payment_failure,2,2026-09-03 14:52:19,1
TXN10448,CUST3267,281601.28,UPI,INVOICE_OVERDUE,b2b_receivable,2,2026-08-07 01:34:31,0
TXN10449,CUST6073,4901.0,Net Banking,CART_ABANDONED,checkout_abandonment,1,2026-08-30 01:27:02,0
TXN10450,CUST7783,2533.62,Credit Card,MANDATE_EXPIRED,subscription_lapsed,2,2026-08-27 09:05:24,0
TXN10451,CUST7293,4157.85,Credit Card,INSUFFICIENT_FUNDS,payment_failure,1,2026-08-05 16:43:57,1
TXN10452,CUST8586,7207.55,Credit Card,WRONG_OTP,payment_failure,1,2026-08-17 15:54:11,0
TXN10453,CUST9317,2235.1,UPI,UPI_TIMEOUT,payment_failure,1,2026-08-09 08:10:52,0
TXN10454,CUST9897,1714.98,UPI,CART_ABANDONED,checkout_abandonment,2,2026-08-31 03:48:03,1
TXN10455,CUST9761,5624.92,UPI,UPI_TIMEOUT,payment_failure,1,2026-08-08 16:10:40,1
TXN10456,CUST8292,2207.92,UPI,UPI_TIMEOUT,payment_failure,1,2026-08-31 18:51:05,0
TXN10457,CUST3240,3013.14,Debit Card,UPI_TIMEOUT,payment_failure,2,2026-08-12 18:48:49,0
TXN10458,CUST6136,4701.18,UPI,CHECKOUT_TIMEOUT,checkout_abandonment,1,2026-08-27 22:19:13,1
TXN10459,CUST6431,2328.16,Net Banking,UPI_TIMEOUT,payment_failure,1,2026-08-10 23:50:29,0
TXN10460,CUST5033,1204.89,Credit Card,UPI_TIMEOUT,payment_failure,1,2026-08-26 11:54:04,0
TXN10461,CUST8939,12661.22,UPI,UPI_TIMEOUT,payment_failure,3,2026-08-22 11:51:04,0
TXN10462,CUST1996,13649.43,Debit Card,WRONG_OTP,payment_failure,1,2026-08-30 14:40:02,0
TXN10463,CUST3713,4011.73,UPI,CART_ABANDONED,checkout_abandonment,1,2026-08-09 22:28:26,1
TXN10464,CUST6381,10690.45,UPI,UPI_TIMEOUT,payment_failure,1,2026-08-09 08:19:27,1
TXN10465,CUST4268,1132.95,Net Banking,CARD_EXPIRED,payment_failure,1,2026-08-24 20:06:03,0
TXN10466,CUST9938,11550.76,Net Banking,WRONG_OTP,payment_failure,2,2026-08-31 14:11:18,1
TXN10467,CUST4438,2010.05,Debit Card,MANDATE_REVOKED,subscription_lapsed,1,2026-08-07 09:05:40,0
TXN10468,CUST9783,1119.8,Net Banking,CART_ABANDONED,checkout_abandonment,2,2026-08-20 15:06:41,1
TXN10469,CUST3697,7386.97,Credit Card,UPI_TIMEOUT,payment_failure,3,2026-08-17 22:15:07,0
TXN10470,CUST7544,301.21,Credit Card,CART_ABANDONED,checkout_abandonment,1,2026-08-15 11:51:04,1
TXN10471,CUST1116,944.48,Net Banking,PROMO_INVALID,checkout_abandonment,1,2026-08-21 09:28:46,1
TXN10472,CUST3587,7191.05,Credit Card,UPI_TIMEOUT,payment_failure,1,2026-08-19 19:40:04,1
TXN10473,CUST5533,3915.85,UPI,INSUFFICIENT_FUNDS,payment_failure,1,2026-08-23 23:34:49,0
TXN10474,CUST5641,1672.33,Debit Card,MANDATE_EXPIRED,subscription_lapsed,1,2026-08-09 03:35:19,0
TXN10475,CUST7301,1679.84,Credit Card,MANDATE_EXPIRED,subscription_lapsed,1,2026-08-06 13:44:34,1
TXN10476,CUST2284,11382.77,Credit Card,UPI_TIMEOUT,payment_failure,2,2026-09-02 00:54:02,0
TXN10477,CUST5325,9151.09,Debit Card,UPI_TIMEOUT,payment_failure,1,2026-08-24 15:59:24,1
TXN10478,CUST6399,299.16,Net Banking,UPI_TIMEOUT,payment_failure,1,2026-08-23 13:13:36,1
TXN10479,CUST9918,4314.09,Debit Card,CHECKOUT_TIMEOUT,checkout_abandonment,3,2026-08-05 06:25:37,1
TXN10480,CUST1448,6132.3,Net Banking,SHIPPING_CONFUSION,checkout_abandonment,2,2026-08-26 18:34:41,0
TXN10481,CUST7010,1874.64,UPI,INSUFFICIENT_FUNDS,payment_failure,1,2026-08-20 22:12:43,0
TXN10482,CUST3762,1472.59,Debit Card,CHECKOUT_TIMEOUT,checkout_abandonment,3,2026-09-02 02:23:55,0
TXN10483,CUST2020,3216.8,Net Banking,INSUFFICIENT_FUNDS,payment_failure,3,2026-09-01 10:45:02,0
TXN10484,CUST1803,12484.39,Net Banking,UPI_TIMEOUT,payment_failure,1,2026-08-24 06:56:13,1
TXN10485,CUST7118,13947.85,Credit Card,BANK_SERVER_DOWN,payment_failure,2,2026-08-09 19:23:04,1
TXN10486,CUST9903,6808.35,Net Banking,CARD_EXPIRED,payment_failure,1,2026-09-02 06:43:58,0
TXN10487,CUST5889,528.94,Debit Card,MANDATE_EXPIRED,subscription_lapsed,1,2026-08-17 23:55:47,0
TXN10488,CUST3101,7879.82,Debit Card,CART_ABANDONED,checkout_abandonment,1,2026-08-25 12:15:18,0
TXN10489,CUST6658,9178.18,Debit Card,UPI_TIMEOUT,payment_failure,3,2026-08-15 05:28:37,1
TXN10490,CUST6434,2201.4,Debit Card,MANDATE_EXPIRED,subscription_lapsed,2,2026-08-24 12:59:02,1
TXN10491,CUST2559,9458.57,Credit Card,UPI_TIMEOUT,payment_failure,1,2026-08-31 07:02:04,1
TXN10492,CUST8807,1015.27,Debit Card,CART_ABANDONED,checkout_abandonment,1,2026-08-15 22:58:25,0
TXN10493,CUST5873,6975.79,Credit Card,INSUFFICIENT_FUNDS,payment_failure,3,2026-08-15 04:09:59,0
TXN10494,CUST6133,3587.64,UPI,INSUFFICIENT_FUNDS,payment_failure,2,2026-08-22 17:02:00,1
TXN10495,CUST5703,14031.76,UPI,BANK_SERVER_DOWN,payment_failure,4,2026-08-31 04:11:06,0
TXN10496,CUST1795,3768.34,Credit Card,SHIPPING_CONFUSION,checkout_abandonment,4,2026-08-13 04:20:13,1
TXN10497,CUST6023,5286.95,Debit Card,INSUFFICIENT_FUNDS,payment_failure,1,2026-08-10 11:34:41,0
TXN10498,CUST1893,928.15,Credit Card,SUBSCRIPTION_PAUSED,subscription_lapsed,1,2026-08-29 08:59:36,1
TXN10499,CUST7950,5127.01,Credit Card,CHECKOUT_TIMEOUT,checkout_abandonment,2,2026-08-09 19:39:17,0
TXN10500,CUST9313,10871.42,Debit Card,CARD_EXPIRED,payment_failure,2,2026-08-31 00:55:44,0
TXN10501,CUST6772,11228.29,Debit Card,BANK_SERVER_DOWN,payment_failure,2,2026-08-30 14:06:30,1
TXN10502,CUST3557,4236.3,Credit Card,PROMO_INVALID,checkout_abandonment,1,2026-08-05 08:34:38,1
TXN10503,CUST7906,5036.64,Net Banking,UPI_TIMEOUT,payment_failure,1,2026-08-29 08:39:18,0
TXN10504,CUST2609,11945.84,Debit Card,UPI_TIMEOUT,payment_failure,1,2026-08-26 09:05:51,1
TXN10505,CUST2514,5087.22,UPI,UPI_TIMEOUT,payment_failure,4,2026-08-29 06:11:15,0
TXN10506,CUST1225,719.0,Credit Card,CART_ABANDONED,checkout_abandonment,3,2026-08-24 06:16:50,0
TXN10507,CUST8015,11116.41,Debit Card,UPI_TIMEOUT,payment_failure,3,2026-08-11 11:17:42,0
TXN10508,CUST9047,4051.55,Net Banking,UPI_TIMEOUT,payment_failure,1,2026-08-14 17:12:53,1
TXN10509,CUST7077,14252.06,UPI,INSUFFICIENT_FUNDS,payment_failure,2,2026-08-27 00:55:51,0
TXN10510,CUST9362,2815.36,Debit Card,PLAN_UPGRADE_FAILED,subscription_lapsed,4,2026-08-11 22:54:21,0
TXN10511,CUST7304,6677.37,UPI,SHIPPING_CONFUSION,checkout_abandonment,4,2026-08-26 06:42:26,0
TXN10512,CUST8753,3478.85,Credit Card,UPI_TIMEOUT,payment_failure,1,2026-08-24 03:41:51,1
TXN10513,CUST9129,4908.93,Credit Card,UPI_TIMEOUT,payment_failure,2,2026-08-26 01:05:28,1
TXN10514,CUST9004,7845.6,Credit Card,INSUFFICIENT_FUNDS,payment_failure,1,2026-08-24 19:57:27,0
TXN10515,CUST6527,299513.82,Credit Card,INVOICE_OVERDUE,b2b_receivable,1,2026-08-13 11:52:31,1
TXN10516,CUST4519,13269.72,Net Banking,WRONG_OTP,payment_failure,2,2026-08-24 03:27:41,1
TXN10517,CUST2442,11465.42,Credit Card,UPI_TIMEOUT,payment_failure,2,2026-08-11 00:06:11,1
TXN10518,CUST9866,8758.59,UPI,WRONG_OTP,payment_failure,1,2026-08-21 08:35:20,0
TXN10519,CUST3060,7392.14,UPI,UPI_TIMEOUT,payment_failure,4,2026-08-18 03:15:37,0
TXN10520,CUST3627,1736.21,Debit Card,CART_ABANDONED,checkout_abandonment,1,2026-09-01 21:16:06,0
TXN10521,CUST1331,928.56,Net Banking,WRONG_OTP,payment_failure,4,2026-08-21 22:05:21,0
TXN10522,CUST8609,1279.07,UPI,UPI_TIMEOUT,payment_failure,1,2026-08-19 11:45:18,1
TXN10523,CUST8291,7256.22,Credit Card,UPI_TIMEOUT,payment_failure,2,2026-08-22 07:13:02,1
TXN10524,CUST3165,10494.53,UPI,UPI_TIMEOUT,payment_failure,4,2026-08-21 03:47:36,0
TXN10525,CUST4726,2700.81,Credit Card,MANDATE_EXPIRED,subscription_lapsed,1,2026-08-23 02:31:09,1
TXN10526,CUST4044,8060.2,UPI,BANK_SERVER_DOWN,payment_failure,4,2026-08-07 23:19:17,1
TXN10527,CUST1924,853.75,Net Banking,UPI_TIMEOUT,payment_failure,1,2026-08-22 09:01:53,1
TXN10528,CUST2832,11484.92,UPI,UPI_TIMEOUT,payment_failure,2,2026-09-01 10:44:39,1
TXN10529,CUST2801,14763.6,Credit Card,UPI_TIMEOUT,payment_failure,1,2026-08-14 13:36:07,0
TXN10530,CUST7498,11363.85,Credit Card,WRONG_OTP,payment_failure,2,2026-08-19 14:52:35,0
TXN10531,CUST3441,11859.64,Credit Card,BANK_SERVER_DOWN,payment_failure,1,2026-09-01 07:52:37,1
TXN10532,CUST3303,7825.67,UPI,CARD_EXPIRED,payment_failure,1,2026-08-12 13:01:09,0
TXN10533,CUST1983,4148.88,Debit Card,CART_ABANDONED,checkout_abandonment,4,2026-08-29 02:34:45,0
TXN10534,CUST6733,1411.29,UPI,UPI_TIMEOUT,payment_failure,2,2026-08-16 05:15:11,1
TXN10535,CUST4842,7545.55,Credit Card,UPI_TIMEOUT,payment_failure,2,2026-08-07 11:35:45,1
TXN10536,CUST4950,3953.28,UPI,BANK_SERVER_DOWN,payment_failure,1,2026-08-09 19:20:05,1
TXN10537,CUST7001,2312.28,Net Banking,BANK_SERVER_DOWN,payment_failure,1,2026-08-23 09:20:51,1
TXN10538,CUST9687,463975.15,Net Banking,INVOICE_OVERDUE,b2b_receivable,1,2026-08-17 09:14:34,1
TXN10539,CUST5885,5875.93,Debit Card,UPI_TIMEOUT,payment_failure,1,2026-08-08 01:29:00,0
TXN10540,CUST2675,448.36,UPI,CART_ABANDONED,checkout_abandonment,4,2026-09-03 17:48:06,1
TXN10541,CUST2870,2729.77,Credit Card,SUBSCRIPTION_PAUSED,subscription_lapsed,2,2026-08-15 10:59:44,1
TXN10542,CUST2752,1109.98,Credit Card,MANDATE_EXPIRED,subscription_lapsed,1,2026-09-01 05:31:07,1
TXN10543,CUST1104,12618.05,UPI,INSUFFICIENT_FUNDS,payment_failure,4,2026-08-22 02:58:58,0
TXN10544,CUST8429,4232.71,Credit Card,CHECKOUT_TIMEOUT,checkout_abandonment,2,2026-08-23 13:30:45,1
TXN10545,CUST5526,5450.76,Debit Card,INSUFFICIENT_FUNDS,payment_failure,1,2026-09-03 01:37:36,0
TXN10546,CUST6816,12221.81,UPI,WRONG_OTP,payment_failure,1,2026-08-18 07:43:31,1
TXN10547,CUST4768,439.07,Net Banking,WRONG_OTP,payment_failure,1,2026-08-21 11:21:40,1
TXN10548,CUST1510,2674.29,Debit Card,SUBSCRIPTION_PAUSED,subscription_lapsed,1,2026-08-18 04:04:52,1
TXN10549,CUST3439,10175.36,Credit Card,CARD_EXPIRED,payment_failure,1,2026-08-20 04:54:56,0
TXN10550,CUST7824,729.66,Debit Card,CART_ABANDONED,checkout_abandonment,1,2026-08-21 22:40:18,0
TXN10551,CUST1187,1227.28,Credit Card,PROMO_INVALID,checkout_abandonment,2,2026-08-09 19:41:49,0
TXN10552,CUST3546,2186.64,UPI,BANK_SERVER_DOWN,payment_failure,3,2026-08-06 22:37:06,0
TXN10553,CUST7669,2157.35,Net Banking,UPI_TIMEOUT,payment_failure,1,2026-08-17 18:25:42,1
TXN10554,CUST6409,12136.17,Credit Card,INSUFFICIENT_FUNDS,payment_failure,1,2026-08-28 21:20:49,1
TXN10555,CUST9664,12932.1,UPI,UPI_TIMEOUT,payment_failure,1,2026-09-02 12:36:13,1
TXN10556,CUST1517,10873.23,Net Banking,INSUFFICIENT_FUNDS,payment_failure,1,2026-09-01 15:21:38,0
TXN10557,CUST3807,5812.49,Net Banking,UPI_TIMEOUT,payment_failure,1,2026-08-29 21:22:20,1
TXN10558,CUST5961,11975.52,Net Banking,CARD_EXPIRED,payment_failure,2,2026-08-15 16:11:58,0
TXN10559,CUST7151,4916.33,UPI,UPI_TIMEOUT,payment_failure,1,2026-08-07 10:36:31,1
TXN10560,CUST6531,9686.25,Credit Card,UPI_TIMEOUT,payment_failure,1,2026-08-28 08:17:31,1
TXN10561,CUST9796,11334.17,UPI,UPI_TIMEOUT,payment_failure,2,2026-08-17 22:47:02,0
TXN10562,CUST7528,12343.76,Credit Card,UPI_TIMEOUT,payment_failure,1,2026-08-30 11:45:20,1
TXN10563,CUST5896,8125.15,Net Banking,INSUFFICIENT_FUNDS,payment_failure,2,2026-08-12 02:10:14,0
TXN10564,CUST5332,12107.7,Debit Card,BANK_SERVER_DOWN,payment_failure,1,2026-08-30 12:07:26,1
TXN10565,CUST8391,4726.78,Credit Card,CHECKOUT_TIMEOUT,checkout_abandonment,3,2026-08-08 06:15:15,0
TXN10566,CUST3435,3377.01,Credit Card,UPI_TIMEOUT,payment_failure,1,2026-09-02 07:45:09,1
TXN10567,CUST7089,3504.48,Debit Card,UPI_TIMEOUT,payment_failure,1,2026-08-07 04:02:23,0
TXN10568,CUST2925,5033.18,UPI,CART_ABANDONED,checkout_abandonment,3,2026-09-03 11:11:04,0
TXN10569,CUST1750,75087.28,UPI,INVOICE_OVERDUE,b2b_receivable,1,2026-08-19 01:48:56,0
TXN10570,CUST4707,4531.41,Debit Card,PROMO_INVALID,checkout_abandonment,1,2026-08-17 09:22:57,0
TXN10571,CUST1530,10986.43,Net Banking,UPI_TIMEOUT,payment_failure,3,2026-08-11 16:46:45,0
TXN10572,CUST1478,9520.08,Credit Card,WRONG_OTP,payment_failure,2,2026-09-03 05:29:03,0
TXN10573,CUST4809,3234.9,UPI,SHIPPING_CONFUSION,checkout_abandonment,1,2026-08-13 13:26:32,1
TXN10574,CUST3536,4796.28,Debit Card,CART_ABANDONED,checkout_abandonment,1,2026-08-26 22:03:53,0
TXN10575,CUST1955,766.45,Net Banking,SHIPPING_CONFUSION,checkout_abandonment,3,2026-08-29 12:09:26,0
TXN10576,CUST6934,4261.48,Debit Card,CART_ABANDONED,checkout_abandonment,1,2026-08-22 18:00:02,1
TXN10577,CUST9920,3693.7,Debit Card,INSUFFICIENT_FUNDS,payment_failure,1,2026-08-30 18:12:13,0
TXN10578,CUST7839,6157.73,Net Banking,CHECKOUT_TIMEOUT,checkout_abandonment,2,2026-08-13 15:24:17,0
TXN10579,CUST3468,1261.93,Net Banking,CART_ABANDONED,checkout_abandonment,2,2026-08-17 11:29:14,1
TXN10580,CUST7779,1892.44,Credit Card,WRONG_OTP,payment_failure,1,2026-08-19 22:53:02,0
TXN10581,CUST3926,4328.17,UPI,CART_ABANDONED,checkout_abandonment,1,2026-08-22 11:00:30,0
TXN10582,CUST1958,14368.26,Net Banking,INSUFFICIENT_FUNDS,payment_failure,1,2026-08-17 23:51:42,1
TXN10583,CUST2785,3656.68,Credit Card,INSUFFICIENT_FUNDS,payment_failure,1,2026-08-14 15:44:43,0
TXN10584,CUST3663,489121.17,Credit Card,CREDIT_LIMIT_HIT,b2b_receivable,1,2026-08-25 11:57:43,0
TXN10585,CUST2133,7031.47,Credit Card,BANK_SERVER_DOWN,payment_failure,1,2026-08-14 09:30:49,1
TXN10586,CUST1945,1022.47,Credit Card,INSUFFICIENT_FUNDS,payment_failure,1,2026-08-17 20:26:31,0
TXN10587,CUST1130,11647.98,Debit Card,CARD_EXPIRED,payment_failure,1,2026-08-28 13:22:18,0
TXN10588,CUST2712,5988.18,Credit Card,INSUFFICIENT_FUNDS,payment_failure,1,2026-08-13 10:42:52,1
TXN10589,CUST9029,603.1,Net Banking,CART_ABANDONED,checkout_abandonment,2,2026-08-17 14:00:38,0
TXN10590,CUST1894,9182.12,Credit Card,UPI_TIMEOUT,payment_failure,2,2026-08-18 11:29:30,1
TXN10591,CUST2604,13864.25,Net Banking,UPI_TIMEOUT,payment_failure,3,2026-08-12 13:13:25,0
TXN10592,CUST9317,6914.56,Debit Card,INSUFFICIENT_FUNDS,payment_failure,4,2026-08-10 10:48:44,0
TXN10593,CUST7280,6618.36,Net Banking,UPI_TIMEOUT,payment_failure,1,2026-09-02 06:49:17,0
TXN10594,CUST2166,4551.25,UPI,UPI_TIMEOUT,payment_failure,1,2026-08-28 11:32:19,0
TXN10595,CUST6770,12359.38,Net Banking,UPI_TIMEOUT,payment_failure,1,2026-09-03 04:24:33,1
TXN10596,CUST7704,13088.44,Credit Card,INSUFFICIENT_FUNDS,payment_failure,1,2026-08-07 15:58:24,1
TXN10597,CUST5653,4974.7,Credit Card,UPI_TIMEOUT,payment_failure,1,2026-08-06 12:17:55,0
TXN10598,CUST8081,5581.98,UPI,PROMO_INVALID,checkout_abandonment,2,2026-08-22 10:59:22,0
TXN10599,CUST3703,140577.21,Net Banking,INVOICE_OVERDUE,b2b_receivable,1,2026-08-20 21:09:21,1
TXN10600,CUST9608,4709.19,Debit Card,CART_ABANDONED,checkout_abandonment,1,2026-08-20 09:27:48,0
TXN10601,CUST9824,6746.61,Debit Card,UPI_TIMEOUT,payment_failure,2,2026-08-24 00:52:18,1
TXN10602,CUST8354,11637.92,Net Banking,UPI_TIMEOUT,payment_failure,1,2026-08-24 19:30:10,1
TXN10603,CUST7670,1797.04,Net Banking,CHECKOUT_TIMEOUT,checkout_abandonment,2,2026-08-09 04:57:14,1
TXN10604,CUST9125,46778.73,Credit Card,INVOICE_OVERDUE,b2b_receivable,2,2026-08-15 17:25:39,0
TXN10605,CUST2124,3342.0,Credit Card,CART_ABANDONED,checkout_abandonment,1,2026-08-19 22:31:42,0
TXN10606,CUST4695,2462.09,UPI,PLAN_UPGRADE_FAILED,subscription_lapsed,4,2026-08-30 09:37:29,0
TXN10607,CUST4255,5907.15,UPI,CART_ABANDONED,checkout_abandonment,1,2026-08-24 13:07:08,0
TXN10608,CUST7003,59928.44,Debit Card,PAYMENT_DISPUTE,b2b_receivable,1,2026-09-01 00:33:22,1
TXN10609,CUST4289,1533.06,Debit Card,WRONG_OTP,payment_failure,1,2026-08-25 15:45:43,1
TXN10610,CUST6224,14903.55,Credit Card,UPI_TIMEOUT,payment_failure,3,2026-09-03 03:17:05,0
TXN10611,CUST4621,1658.48,Credit Card,UPI_TIMEOUT,payment_failure,1,2026-08-19 18:25:03,1
TXN10612,CUST7732,3986.35,Credit Card,CART_ABANDONED,checkout_abandonment,2,2026-08-15 20:41:31,0
TXN10613,CUST1644,232521.48,Debit Card,INVOICE_OVERDUE,b2b_receivable,2,2026-08-26 22:02:55,1
TXN10614,CUST9043,4365.82,Credit Card,UPI_TIMEOUT,payment_failure,1,2026-08-11 19:39:38,1
TXN10615,CUST9985,3356.65,UPI,CART_ABANDONED,checkout_abandonment,1,2026-08-21 03:09:51,0
TXN10616,CUST8426,2127.88,Debit Card,MANDATE_EXPIRED,subscription_lapsed,2,2026-08-27 22:57:28,0
TXN10617,CUST6797,2557.61,Debit Card,MANDATE_REVOKED,subscription_lapsed,1,2026-09-02 00:58:46,0
TXN10618,CUST2790,14765.63,UPI,WRONG_OTP,payment_failure,1,2026-08-28 22:30:16,0
TXN10619,CUST7246,11677.83,UPI,UPI_TIMEOUT,payment_failure,1,2026-08-30 23:50:25,1
TXN10620,CUST9189,3728.14,Net Banking,UPI_TIMEOUT,payment_failure,1,2026-08-18 17:36:17,0
TXN10621,CUST9849,3241.35,Credit Card,UPI_TIMEOUT,payment_failure,1,2026-09-03 04:50:10,1
TXN10622,CUST2453,11230.83,Credit Card,UPI_TIMEOUT,payment_failure,1,2026-08-28 01:24:03,1
TXN10623,CUST2929,1878.15,Credit Card,UPI_TIMEOUT,payment_failure,1,2026-08-15 22:25:36,1
TXN10624,CUST8234,272612.92,Net Banking,INVOICE_OVERDUE,b2b_receivable,1,2026-09-03 14:33:26,0
TXN10625,CUST7366,1855.21,Net Banking,SHIPPING_CONFUSION,checkout_abandonment,1,2026-08-16 19:51:18,1
TXN10626,CUST3332,14750.1,Net Banking,UPI_TIMEOUT,payment_failure,1,2026-08-10 16:34:11,1
TXN10627,CUST7302,6479.2,Debit Card,INSUFFICIENT_FUNDS,payment_failure,1,2026-08-18 05:15:40,0
TXN10628,CUST7456,384.87,Credit Card,PROMO_INVALID,checkout_abandonment,1,2026-08-25 09:20:04,1
TXN10629,CUST1202,8433.75,Debit Card,UPI_TIMEOUT,payment_failure,3,2026-08-18 17:33:32,0
TXN10630,CUST9770,145769.11,Credit Card,INVOICE_OVERDUE,b2b_receivable,2,2026-08-20 04:19:36,1
TXN10631,CUST4882,12960.42,UPI,UPI_TIMEOUT,payment_failure,1,2026-09-01 11:46:50,0
TXN10632,CUST2220,7725.0,Debit Card,SHIPPING_CONFUSION,checkout_abandonment,1,2026-08-11 10:12:35,0
TXN10633,CUST1305,2287.86,Credit Card,CART_ABANDONED,checkout_abandonment,1,2026-08-21 06:33:55,1
TXN10634,CUST7987,183.08,UPI,MANDATE_EXPIRED,subscription_lapsed,1,2026-08-29 22:02:28,1
TXN10635,CUST1535,1422.61,UPI,INSUFFICIENT_FUNDS,payment_failure,2,2026-08-10 00:52:37,0
TXN10636,CUST6954,2846.6,Credit Card,MANDATE_REVOKED,subscription_lapsed,3,2026-08-29 20:48:35,0
TXN10637,CUST9856,498209.86,Credit Card,INVOICE_OVERDUE,b2b_receivable,1,2026-08-28 19:32:08,1
TXN10638,CUST1003,1969.47,UPI,MANDATE_EXPIRED,subscription_lapsed,1,2026-08-31 12:55:53,0
TXN10639,CUST8761,794.81,UPI,INSUFFICIENT_FUNDS,payment_failure,1,2026-08-21 02:14:25,0
TXN10640,CUST8869,5539.63,Net Banking,UPI_TIMEOUT,payment_failure,1,2026-08-20 02:39:57,0
TXN10641,CUST9069,1880.44,Net Banking,PLAN_UPGRADE_FAILED,subscription_lapsed,1,2026-08-15 18:50:45,0
TXN10642,CUST9576,3759.59,Net Banking,INSUFFICIENT_FUNDS,payment_failure,1,2026-08-10 03:40:46,0
TXN10643,CUST6296,6126.09,UPI,WRONG_OTP,payment_failure,1,2026-08-20 20:44:42,1
TXN10644,CUST8368,9873.99,Credit Card,WRONG_OTP,payment_failure,1,2026-08-13 04:09:40,0
TXN10645,CUST1209,7182.66,Debit Card,CHECKOUT_TIMEOUT,checkout_abandonment,3,2026-08-18 13:52:00,0
TXN10646,CUST2234,2366.52,Credit Card,UPI_TIMEOUT,payment_failure,1,2026-08-23 19:55:42,1
TXN10647,CUST6886,8370.33,Debit Card,BANK_SERVER_DOWN,payment_failure,1,2026-08-17 14:47:37,1
TXN10648,CUST2251,4791.37,Debit Card,INSUFFICIENT_FUNDS,payment_failure,1,2026-08-20 03:26:02,0
TXN10649,CUST3527,1413.24,Credit Card,WRONG_OTP,payment_failure,1,2026-08-24 10:02:56,0
TXN10650,CUST4501,6561.77,Debit Card,UPI_TIMEOUT,payment_failure,1,2026-08-23 04:39:15,1
TXN10651,CUST1046,12233.0,Credit Card,INSUFFICIENT_FUNDS,payment_failure,1,2026-09-01 05:56:46,1
TXN10652,CUST9202,2719.66,Net Banking,SUBSCRIPTION_PAUSED,subscription_lapsed,3,2026-08-30 13:45:16,0
TXN10653,CUST1203,242238.32,UPI,CREDIT_LIMIT_HIT,b2b_receivable,1,2026-08-14 15:44:39,0
TXN10654,CUST9115,8156.15,Credit Card,UPI_TIMEOUT,payment_failure,2,2026-08-25 09:39:13,1
TXN10655,CUST2916,8934.08,Credit Card,BANK_SERVER_DOWN,payment_failure,1,2026-08-26 05:19:58,1
TXN10656,CUST3950,6573.6,Credit Card,INSUFFICIENT_FUNDS,payment_failure,1,2026-08-06 00:58:13,0
TXN10657,CUST8155,307.06,UPI,MANDATE_EXPIRED,subscription_lapsed,1,2026-08-12 10:36:33,0
TXN10658,CUST4266,1214.62,UPI,UPI_TIMEOUT,payment_failure,2,2026-08-27 16:40:13,0
TXN10659,CUST2405,3691.01,Credit Card,CHECKOUT_TIMEOUT,checkout_abandonment,1,2026-08-06 23:45:34,1
TXN10660,CUST4909,9587.19,UPI,INSUFFICIENT_FUNDS,payment_failure,1,2026-09-01 11:45:01,0
TXN10661,CUST7286,10462.55,Net Banking,UPI_TIMEOUT,payment_failure,1,2026-09-03 01:45:33,1
TXN10662,CUST5786,8104.73,Debit Card,UPI_TIMEOUT,payment_failure,1,2026-08-25 15:51:16,1
TXN10663,CUST3947,375800.0,Credit Card,CREDIT_LIMIT_HIT,b2b_receivable,1,2026-08-08 11:11:43,0
TXN10664,CUST4401,1380.44,UPI,MANDATE_REVOKED,subscription_lapsed,1,2026-08-10 01:46:47,0
TXN10665,CUST2600,10236.1,UPI,INVOICE_OVERDUE,b2b_receivable,3,2026-09-02 08:22:57,1
TXN10666,CUST4977,381.65,Net Banking,CARD_EXPIRED,payment_failure,1,2026-08-12 01:48:41,0
TXN10667,CUST1121,1404.13,Debit Card,MANDATE_REVOKED,subscription_lapsed,1,2026-08-24 18:59:58,0
TXN10668,CUST2746,9909.31,UPI,UPI_TIMEOUT,payment_failure,3,2026-08-17 14:09:40,0
TXN10669,CUST7947,2501.74,UPI,CARD_EXPIRED,payment_failure,2,2026-08-15 17:12:35,0
TXN10670,CUST5065,6554.38,Credit Card,INSUFFICIENT_FUNDS,payment_failure,1,2026-08-25 00:48:06,0
TXN10671,CUST5480,10632.24,Net Banking,WRONG_OTP,payment_failure,1,2026-08-14 06:24:25,1
TXN10672,CUST4767,2284.47,Net Banking,CART_ABANDONED,checkout_abandonment,2,2026-08-14 05:56:49,0
TXN10673,CUST7162,463209.39,UPI,INVOICE_OVERDUE,b2b_receivable,1,2026-09-03 21:23:33,0
TXN10674,CUST4862,13970.91,Net Banking,CARD_EXPIRED,payment_failure,1,2026-08-15 15:13:23,0
TXN10675,CUST8847,365629.17,Net Banking,CREDIT_LIMIT_HIT,b2b_receivable,1,2026-08-20 04:06:21,1
TXN10676,CUST6901,7577.8,UPI,CART_ABANDONED,checkout_abandonment,1,2026-08-31 08:32:16,1
TXN10677,CUST6122,660.79,Net Banking,CHECKOUT_TIMEOUT,checkout_abandonment,1,2026-09-01 20:15:52,0
TXN10678,CUST7461,11268.66,UPI,INSUFFICIENT_FUNDS,payment_failure,1,2026-08-26 20:09:41,0
TXN10679,CUST3793,4129.12,Credit Card,INSUFFICIENT_FUNDS,payment_failure,2,2026-08-30 08:12:27,0
TXN10680,CUST2599,5276.73,Credit Card,UPI_TIMEOUT,payment_failure,1,2026-08-29 09:12:27,1
TXN10681,CUST5728,12433.97,UPI,BANK_SERVER_DOWN,payment_failure,1,2026-08-22 10:04:37,0
TXN10682,CUST9570,394950.37,UPI,INVOICE_OVERDUE,b2b_receivable,1,2026-08-14 05:54:40,1
TXN10683,CUST9540,11633.34,Debit Card,INSUFFICIENT_FUNDS,payment_failure,1,2026-09-01 03:58:06,0
TXN10684,CUST6363,2207.49,Net Banking,INSUFFICIENT_FUNDS,payment_failure,1,2026-08-25 19:27:16,1
TXN10685,CUST5915,4058.59,Debit Card,UPI_TIMEOUT,payment_failure,1,2026-08-07 17:47:59,1
TXN10686,CUST9381,9162.99,Credit Card,UPI_TIMEOUT,payment_failure,1,2026-08-27 12:15:22,0
TXN10687,CUST1568,223239.88,Debit Card,CREDIT_LIMIT_HIT,b2b_receivable,1,2026-08-14 07:06:31,0
TXN10688,CUST8625,368.46,Net Banking,MANDATE_REVOKED,subscription_lapsed,1,2026-08-08 17:27:30,0
TXN10689,CUST8909,1309.11,UPI,UPI_TIMEOUT,payment_failure,1,2026-08-18 06:33:59,0
TXN10690,CUST9617,5112.85,UPI,BANK_SERVER_DOWN,payment_failure,3,2026-08-28 03:54:25,0
TXN10691,CUST3604,11440.26,Debit Card,WRONG_OTP,payment_failure,3,2026-08-10 20:02:00,0
TXN10692,CUST8253,11902.76,Credit Card,INSUFFICIENT_FUNDS,payment_failure,2,2026-08-29 10:23:13,0
TXN10693,CUST2376,12390.19,Debit Card,UPI_TIMEOUT,payment_failure,2,2026-08-12 10:09:15,0
TXN10694,CUST6503,15908.13,Credit Card,INVOICE_OVERDUE,b2b_receivable,3,2026-09-02 12:21:52,0
TXN10695,CUST9361,6738.68,Credit Card,CARD_EXPIRED,payment_failure,2,2026-08-21 19:47:30,0
TXN10696,CUST8699,1310.04,UPI,UPI_TIMEOUT,payment_failure,1,2026-08-29 12:23:03,1
TXN10697,CUST5740,9033.09,Credit Card,INSUFFICIENT_FUNDS,payment_failure,1,2026-08-19 16:13:29,0
TXN10698,CUST3273,2235.61,Debit Card,WRONG_OTP,payment_failure,3,2026-08-14 10:10:56,0
TXN10699,CUST1067,205.0,Net Banking,MANDATE_EXPIRED,subscription_lapsed,2,2026-08-26 21:50:00,0
TXN10700,CUST7906,1808.88,Credit Card,SHIPPING_CONFUSION,checkout_abandonment,1,2026-08-07 01:26:45,1
TXN10701,CUST9686,174682.28,Debit Card,INVOICE_OVERDUE,b2b_receivable,1,2026-08-23 05:54:18,0
TXN10702,CUST6890,8108.17,Net Banking,INSUFFICIENT_FUNDS,payment_failure,1,2026-08-14 07:59:18,0
TXN10703,CUST8790,13803.37,Credit Card,CARD_EXPIRED,payment_failure,1,2026-08-06 09:33:45,0
TXN10704,CUST7929,8879.27,Debit Card,INSUFFICIENT_FUNDS,payment_failure,2,2026-08-17 20:33:32,0
TXN10705,CUST8827,6718.38,Credit Card,INSUFFICIENT_FUNDS,payment_failure,4,2026-08-18 05:52:43,0
TXN10706,CUST6893,557.83,Credit Card,CART_ABANDONED,checkout_abandonment,2,2026-08-13 12:27:14,0
TXN10707,CUST1185,11176.81,Credit Card,UPI_TIMEOUT,payment_failure,1,2026-08-20 16:16:14,1
TXN10708,CUST7084,1971.57,Net Banking,CART_ABANDONED,checkout_abandonment,1,2026-08-11 22:06:01,0
TXN10709,CUST5819,3261.29,Credit Card,CHECKOUT_TIMEOUT,checkout_abandonment,1,2026-08-06 19:01:53,0
TXN10710,CUST6315,587.7,Debit Card,INSUFFICIENT_FUNDS,payment_failure,2,2026-08-29 03:36:33,0
TXN10711,CUST6963,45074.73,Debit Card,CREDIT_LIMIT_HIT,b2b_receivable,2,2026-08-14 06:51:21,0
TXN10712,CUST9871,10507.47,UPI,UPI_TIMEOUT,payment_failure,1,2026-08-11 19:51:54,1
TXN10713,CUST6928,10117.39,UPI,CARD_EXPIRED,payment_failure,2,2026-09-03 19:57:13,0
TXN10714,CUST2311,2105.86,Debit Card,CART_ABANDONED,checkout_abandonment,4,2026-08-18 07:58:20,0
TXN10715,CUST2674,5235.05,Credit Card,WRONG_OTP,payment_failure,1,2026-09-03 06:37:39,0
TXN10716,CUST5237,2714.97,Credit Card,UPI_TIMEOUT,payment_failure,1,2026-08-15 13:38:29,1
TXN10717,CUST2041,4126.7,Credit Card,UPI_TIMEOUT,payment_failure,2,2026-08-11 19:08:42,1
TXN10718,CUST3155,996.6,Net Banking,MANDATE_REVOKED,subscription_lapsed,1,2026-08-19 13:40:32,1
TXN10719,CUST3248,9069.61,UPI,INSUFFICIENT_FUNDS,payment_failure,1,2026-08-14 21:23:12,0
TXN10720,CUST3147,12559.61,UPI,WRONG_OTP,payment_failure,2,2026-08-12 16:00:48,0
TXN10721,CUST5511,324.27,Debit Card,INSUFFICIENT_FUNDS,payment_failure,2,2026-08-30 04:28:11,0
TXN10722,CUST1771,14960.42,Credit Card,INSUFFICIENT_FUNDS,payment_failure,1,2026-08-25 03:46:02,1
TXN10723,CUST5990,6302.02,UPI,UPI_TIMEOUT,payment_failure,3,2026-08-27 04:43:04,0
TXN10724,CUST1282,3756.03,Net Banking,INSUFFICIENT_FUNDS,payment_failure,2,2026-08-18 15:38:43,0
TXN10725,CUST8461,883.01,Net Banking,UPI_TIMEOUT,payment_failure,2,2026-09-01 06:10:12,0
TXN10726,CUST3140,5819.69,Debit Card,UPI_TIMEOUT,payment_failure,2,2026-08-25 14:54:25,0
TXN10727,CUST9561,11395.32,Credit Card,INSUFFICIENT_FUNDS,payment_failure,2,2026-08-11 20:09:28,0
TXN10728,CUST9151,13440.53,Net Banking,WRONG_OTP,payment_failure,1,2026-08-31 08:05:44,1
TXN10729,CUST7143,4459.37,Debit Card,CART_ABANDONED,checkout_abandonment,1,2026-08-07 22:20:40,0
TXN10730,CUST8758,579.91,Credit Card,UPI_TIMEOUT,payment_failure,2,2026-08-26 14:53:19,0
TXN10731,CUST9071,1925.92,UPI,INSUFFICIENT_FUNDS,payment_failure,4,2026-08-19 14:04:34,0
TXN10732,CUST5659,353.34,UPI,MANDATE_EXPIRED,subscription_lapsed,1,2026-09-03 05:54:20,1
TXN10733,CUST6491,562.71,Net Banking,MANDATE_REVOKED,subscription_lapsed,1,2026-08-16 05:00:29,1
TXN10734,CUST6901,2104.39,Credit Card,MANDATE_REVOKED,subscription_lapsed,4,2026-08-13 18:32:23,0
TXN10735,CUST9341,5217.8,Debit Card,WRONG_OTP,payment_failure,2,2026-08-05 08:15:48,1
TXN10736,CUST3886,1827.62,Debit Card,MANDATE_EXPIRED,subscription_lapsed,2,2026-08-20 14:58:01,0
TXN10737,CUST2983,12492.29,Credit Card,INSUFFICIENT_FUNDS,payment_failure,1,2026-08-12 00:14:54,0
TXN10738,CUST5724,442569.6,UPI,INVOICE_OVERDUE,b2b_receivable,1,2026-08-12 09:07:01,0
TXN10739,CUST4700,14397.57,Net Banking,UPI_TIMEOUT,payment_failure,2,2026-08-15 15:40:24,0
TXN10740,CUST1618,3651.84,UPI,PROMO_INVALID,checkout_abandonment,1,2026-08-31 11:05:55,1
TXN10741,CUST6062,9935.56,Debit Card,INSUFFICIENT_FUNDS,payment_failure,1,2026-08-09 16:02:54,1
TXN10742,CUST4144,392378.6,Debit Card,CREDIT_LIMIT_HIT,b2b_receivable,1,2026-08-19 02:30:51,0
TXN10743,CUST2075,268292.72,Debit Card,INVOICE_OVERDUE,b2b_receivable,1,2026-08-28 23:01:40,1
TXN10744,CUST8581,12990.76,UPI,UPI_TIMEOUT,payment_failure,2,2026-09-03 00:09:54,1
TXN10745,CUST4218,7318.36,Debit Card,SHIPPING_CONFUSION,checkout_abandonment,2,2026-08-22 15:39:34,0
TXN10746,CUST7770,11633.48,UPI,UPI_TIMEOUT,payment_failure,2,2026-08-13 16:00:56,1
TXN10747,CUST5496,2544.6,UPI,SUBSCRIPTION_PAUSED,subscription_lapsed,1,2026-08-23 17:18:41,1
TXN10748,CUST4598,2732.02,Credit Card,INSUFFICIENT_FUNDS,payment_failure,1,2026-08-06 13:03:12,0
TXN10749,CUST3650,5376.14,Credit Card,SHIPPING_CONFUSION,checkout_abandonment,1,2026-08-20 20:37:25,0
TXN10750,CUST9943,491185.41,Net Banking,PAYMENT_DISPUTE,b2b_receivable,1,2026-08-05 15:52:47,0
TXN10751,CUST1399,336172.63,Credit Card,INVOICE_OVERDUE,b2b_receivable,2,2026-08-19 20:11:27,0
TXN10752,CUST5956,5668.37,Credit Card,CARD_EXPIRED,payment_failure,1,2026-08-09 03:06:06,0
TXN10753,CUST9882,12195.41,Debit Card,BANK_SERVER_DOWN,payment_failure,2,2026-08-20 07:48:42,0
TXN10754,CUST7436,2815.93,Credit Card,CHECKOUT_TIMEOUT,checkout_abandonment,1,2026-08-06 14:58:27,0
TXN10755,CUST7990,8693.06,Net Banking,UPI_TIMEOUT,payment_failure,1,2026-08-27 21:46:26,1
TXN10756,CUST9379,9028.85,Debit Card,UPI_TIMEOUT,payment_failure,2,2026-08-20 20:35:57,1
TXN10757,CUST6281,5305.32,Credit Card,PROMO_INVALID,checkout_abandonment,1,2026-08-18 13:56:25,0
TXN10758,CUST6633,8527.28,UPI,BANK_SERVER_DOWN,payment_failure,2,2026-09-03 06:35:56,0
TXN10759,CUST8899,3151.28,UPI,CHECKOUT_TIMEOUT,checkout_abandonment,2,2026-08-18 19:24:50,1
TXN10760,CUST4872,14989.38,UPI,UPI_TIMEOUT,payment_failure,4,2026-09-01 13:37:27,0
TXN10761,CUST1878,1166.15,Net Banking,UPI_TIMEOUT,payment_failure,1,2026-08-20 20:54:58,1
TXN10762,CUST6928,14499.72,Credit Card,INSUFFICIENT_FUNDS,payment_failure,3,2026-08-07 04:27:00,0
TXN10763,CUST6496,419031.41,Credit Card,INVOICE_OVERDUE,b2b_receivable,2,2026-08-09 07:17:37,0
TXN10764,CUST9185,11947.71,Credit Card,WRONG_OTP,payment_failure,1,2026-08-20 16:39:20,1
TXN10765,CUST7481,12727.76,Debit Card,WRONG_OTP,payment_failure,4,2026-08-06 05:45:53,0
TXN10766,CUST4258,13083.55,Debit Card,BANK_SERVER_DOWN,payment_failure,3,2026-08-21 06:15:55,0
TXN10767,CUST7232,11592.75,UPI,INSUFFICIENT_FUNDS,payment_failure,3,2026-09-03 14:04:28,0
TXN10768,CUST4929,3274.47,Credit Card,BANK_SERVER_DOWN,payment_failure,1,2026-08-15 10:03:21,1
TXN10769,CUST1869,761.91,Credit Card,CART_ABANDONED,checkout_abandonment,2,2026-08-19 02:20:32,0
TXN10770,CUST3688,10221.31,UPI,INSUFFICIENT_FUNDS,payment_failure,1,2026-09-01 14:03:01,1
TXN10771,CUST7865,14152.52,Debit Card,INSUFFICIENT_FUNDS,payment_failure,2,2026-08-09 12:12:41,0
TXN10772,CUST5377,4287.74,Net Banking,CARD_EXPIRED,payment_failure,1,2026-08-23 08:36:04,0
TXN10773,CUST7697,9224.73,Debit Card,INSUFFICIENT_FUNDS,payment_failure,1,2026-08-30 06:02:49,1
TXN10774,CUST2989,2138.13,Debit Card,UPI_TIMEOUT,payment_failure,1,2026-08-27 15:28:30,1
TXN10775,CUST4871,4668.1,UPI,BANK_SERVER_DOWN,payment_failure,1,2026-08-21 03:15:47,1
TXN10776,CUST6493,1406.84,Credit Card,INSUFFICIENT_FUNDS,payment_failure,1,2026-08-25 02:33:55,0
TXN10777,CUST5705,2939.11,UPI,MANDATE_REVOKED,subscription_lapsed,1,2026-08-09 13:50:29,0
TXN10778,CUST5806,10470.91,UPI,INSUFFICIENT_FUNDS,payment_failure,1,2026-08-24 08:48:25,0
TXN10779,CUST2279,325.88,UPI,MANDATE_REVOKED,subscription_lapsed,1,2026-08-22 22:16:18,0
TXN10780,CUST8736,10805.45,Debit Card,INSUFFICIENT_FUNDS,payment_failure,1,2026-08-11 03:35:01,0
TXN10781,CUST3267,6395.6,Credit Card,INSUFFICIENT_FUNDS,payment_failure,3,2026-08-08 16:19:34,0
TXN10782,CUST5415,3587.31,UPI,UPI_TIMEOUT,payment_failure,4,2026-08-18 18:13:07,0
TXN10783,CUST2161,4348.35,Debit Card,CHECKOUT_TIMEOUT,checkout_abandonment,1,2026-08-08 17:44:46,1
TXN10784,CUST8122,343337.43,Net Banking,INVOICE_OVERDUE,b2b_receivable,1,2026-08-29 19:41:18,1
TXN10785,CUST2180,340648.52,Credit Card,INVOICE_OVERDUE,b2b_receivable,2,2026-08-26 02:18:28,1
TXN10786,CUST2381,6235.96,UPI,CART_ABANDONED,checkout_abandonment,1,2026-08-29 03:08:53,0
TXN10787,CUST1710,11714.43,UPI,INSUFFICIENT_FUNDS,payment_failure,1,2026-08-05 12:15:47,1
TXN10788,CUST6530,12533.6,Net Banking,INSUFFICIENT_FUNDS,payment_failure,2,2026-08-30 07:11:51,0
TXN10789,CUST9846,5167.52,UPI,CHECKOUT_TIMEOUT,checkout_abandonment,1,2026-08-30 18:23:05,1
TXN10790,CUST9275,5532.91,Credit Card,UPI_TIMEOUT,payment_failure,1,2026-08-28 09:25:52,0
TXN10791,CUST2016,1538.36,Debit Card,SHIPPING_CONFUSION,checkout_abandonment,2,2026-08-30 12:38:20,1
TXN10792,CUST9582,1946.36,UPI,WRONG_OTP,payment_failure,1,2026-08-31 21:59:19,1
TXN10793,CUST9131,43088.92,Credit Card,PAYMENT_DISPUTE,b2b_receivable,1,2026-08-17 17:24:24,0
TXN10794,CUST4393,151812.04,Debit Card,CREDIT_LIMIT_HIT,b2b_receivable,2,2026-09-02 06:24:26,0
TXN10795,CUST9490,5584.49,Credit Card,CART_ABANDONED,checkout_abandonment,1,2026-08-23 16:00:04,1
TXN10796,CUST2011,8016.49,Debit Card,INSUFFICIENT_FUNDS,payment_failure,1,2026-08-10 00:25:25,0
TXN10797,CUST9228,374.41,Debit Card,INSUFFICIENT_FUNDS,payment_failure,1,2026-09-01 18:21:55,1
TXN10798,CUST9064,8540.94,Credit Card,BANK_SERVER_DOWN,payment_failure,3,2026-08-18 01:36:27,0
TXN10799,CUST1870,468.91,Debit Card,MANDATE_REVOKED,subscription_lapsed,1,2026-08-18 00:54:07,0
TXN10800,CUST9022,4385.3,Debit Card,CARD_EXPIRED,payment_failure,3,2026-08-12 19:29:25,0
TXN10801,CUST9199,7136.2,Debit Card,INSUFFICIENT_FUNDS,payment_failure,2,2026-08-20 18:33:13,0
TXN10802,CUST2689,226.69,UPI,MANDATE_EXPIRED,subscription_lapsed,1,2026-08-08 05:43:53,0
TXN10803,CUST6870,2631.91,Net Banking,UPI_TIMEOUT,payment_failure,1,2026-08-26 15:09:25,1
TXN10804,CUST4163,344322.28,Debit Card,CREDIT_LIMIT_HIT,b2b_receivable,1,2026-08-15 09:07:55,0
TXN10805,CUST4824,3625.08,Debit Card,UPI_TIMEOUT,payment_failure,2,2026-08-08 07:32:55,1
TXN10806,CUST7974,24829.05,Net Banking,PAYMENT_DISPUTE,b2b_receivable,2,2026-08-07 14:35:57,0
TXN10807,CUST5694,4053.19,Net Banking,CHECKOUT_TIMEOUT,checkout_abandonment,3,2026-09-02 17:30:23,0
TXN10808,CUST7609,13540.38,Debit Card,UPI_TIMEOUT,payment_failure,2,2026-08-08 03:18:37,1
TXN10809,CUST9835,3896.86,Debit Card,SHIPPING_CONFUSION,checkout_abandonment,1,2026-08-19 21:11:30,1
TXN10810,CUST2045,8987.43,Debit Card,INSUFFICIENT_FUNDS,payment_failure,1,2026-08-19 20:50:21,1
TXN10811,CUST4511,10394.68,Debit Card,WRONG_OTP,payment_failure,1,2026-08-06 11:48:38,1
TXN10812,CUST6689,6454.18,Net Banking,CART_ABANDONED,checkout_abandonment,4,2026-09-01 12:53:36,1
TXN10813,CUST4154,4216.77,Net Banking,CHECKOUT_TIMEOUT,checkout_abandonment,1,2026-08-06 01:42:20,0
TXN10814,CUST6558,252343.65,Net Banking,CREDIT_LIMIT_HIT,b2b_receivable,4,2026-08-30 00:35:20,1
TXN10815,CUST8197,744.41,Credit Card,PLAN_UPGRADE_FAILED,subscription_lapsed,2,2026-08-15 20:49:32,1
TXN10816,CUST2391,5244.6,Debit Card,INSUFFICIENT_FUNDS,payment_failure,1,2026-08-05 19:47:09,0
TXN10817,CUST7256,3070.63,Net Banking,BANK_SERVER_DOWN,payment_failure,1,2026-08-23 01:59:08,1
TXN10818,CUST2009,4096.04,Net Banking,INSUFFICIENT_FUNDS,payment_failure,1,2026-08-17 11:29:25,0
TXN10819,CUST6549,12405.23,Net Banking,UPI_TIMEOUT,payment_failure,4,2026-08-22 10:43:28,1
TXN10820,CUST3712,2482.1,Credit Card,INSUFFICIENT_FUNDS,payment_failure,3,2026-09-02 22:06:51,0
TXN10821,CUST4033,1984.83,Credit Card,UPI_TIMEOUT,payment_failure,1,2026-08-13 14:16:59,1
TXN10822,CUST8326,2015.56,Net Banking,SUBSCRIPTION_PAUSED,subscription_lapsed,1,2026-08-05 17:11:13,1
TXN10823,CUST4625,4938.77,Credit Card,WRONG_OTP,payment_failure,1,2026-08-06 17:38:55,1
TXN10824,CUST2525,5751.93,UPI,INSUFFICIENT_FUNDS,payment_failure,2,2026-08-21 05:46:38,0
TXN10825,CUST8157,5180.44,Debit Card,INSUFFICIENT_FUNDS,payment_failure,1,2026-09-02 21:08:24,1
TXN10826,CUST2631,445.92,Net Banking,SHIPPING_CONFUSION,checkout_abandonment,1,2026-08-16 17:30:46,1
TXN10827,CUST4290,6572.55,Credit Card,INSUFFICIENT_FUNDS,payment_failure,1,2026-08-26 23:33:46,0
TXN10828,CUST6427,10689.06,Debit Card,INSUFFICIENT_FUNDS,payment_failure,1,2026-08-10 13:44:36,1
TXN10829,CUST6257,3573.0,Debit Card,BANK_SERVER_DOWN,payment_failure,4,2026-08-25 16:39:29,0
TXN10830,CUST9842,267448.52,UPI,INVOICE_OVERDUE,b2b_receivable,2,2026-08-19 03:34:40,0
TXN10831,CUST7543,2265.67,Debit Card,UPI_TIMEOUT,payment_failure,2,2026-08-19 09:49:14,1
TXN10832,CUST4437,123123.19,UPI,PAYMENT_DISPUTE,b2b_receivable,2,2026-08-09 16:27:29,0
TXN10833,CUST1519,12455.15,UPI,UPI_TIMEOUT,payment_failure,2,2026-08-08 22:29:52,0
TXN10834,CUST1889,8522.08,Net Banking,CARD_EXPIRED,payment_failure,4,2026-09-03 00:06:59,0
TXN10835,CUST5250,10274.87,UPI,WRONG_OTP,payment_failure,2,2026-08-06 07:23:43,0
TXN10836,CUST3979,10088.86,Debit Card,INSUFFICIENT_FUNDS,payment_failure,1,2026-09-02 08:07:35,0
TXN10837,CUST5037,8870.54,Net Banking,UPI_TIMEOUT,payment_failure,1,2026-09-03 10:25:02,1
TXN10838,CUST8554,137208.47,UPI,INVOICE_OVERDUE,b2b_receivable,1,2026-08-14 22:44:16,0
TXN10839,CUST1781,7965.82,Debit Card,CART_ABANDONED,checkout_abandonment,2,2026-08-15 21:01:34,1
TXN10840,CUST1100,295.72,Debit Card,MANDATE_EXPIRED,subscription_lapsed,1,2026-08-07 13:23:04,1
TXN10841,CUST6123,6387.81,Credit Card,CARD_EXPIRED,payment_failure,3,2026-08-13 05:21:32,0
TXN10842,CUST9092,5157.96,Net Banking,BANK_SERVER_DOWN,payment_failure,4,2026-08-28 10:44:21,0
TXN10843,CUST5989,1927.88,UPI,MANDATE_REVOKED,subscription_lapsed,1,2026-08-06 21:50:52,0
TXN10844,CUST4322,1836.63,Credit Card,CART_ABANDONED,checkout_abandonment,3,2026-08-09 15:30:30,1
TXN10845,CUST1049,10156.63,Debit Card,INSUFFICIENT_FUNDS,payment_failure,2,2026-08-31 18:39:19,0
TXN10846,CUST6671,8257.34,Net Banking,WRONG_OTP,payment_failure,3,2026-08-12 14:07:22,1
TXN10847,CUST3954,13414.0,Net Banking,BANK_SERVER_DOWN,payment_failure,1,2026-08-05 23:39:49,0
TXN10848,CUST4394,5135.27,Credit Card,UPI_TIMEOUT,payment_failure,2,2026-08-28 08:03:55,1
TXN10849,CUST6319,4918.95,Debit Card,CHECKOUT_TIMEOUT,checkout_abandonment,3,2026-08-08 13:08:36,0
TXN10850,CUST8317,60216.96,Credit Card,INVOICE_OVERDUE,b2b_receivable,3,2026-08-11 09:22:27,0
TXN10851,CUST5397,4196.49,Net Banking,BANK_SERVER_DOWN,payment_failure,1,2026-08-22 06:29:36,0
TXN10852,CUST2900,368508.75,Debit Card,INVOICE_OVERDUE,b2b_receivable,1,2026-08-31 23:58:00,1
TXN10853,CUST7022,9919.35,Credit Card,UPI_TIMEOUT,payment_failure,3,2026-08-13 13:38:33,1
TXN10854,CUST2854,196.04,UPI,MANDATE_REVOKED,subscription_lapsed,2,2026-08-30 13:13:07,0
TXN10855,CUST7540,2887.83,Net Banking,CART_ABANDONED,checkout_abandonment,2,2026-09-02 19:43:17,1
TXN10856,CUST6802,8081.75,Credit Card,UPI_TIMEOUT,payment_failure,1,2026-08-09 17:56:30,0
TXN10857,CUST3821,4108.49,Net Banking,CARD_EXPIRED,payment_failure,2,2026-08-05 07:38:09,0
TXN10858,CUST7883,5096.38,Net Banking,INSUFFICIENT_FUNDS,payment_failure,1,2026-08-08 03:26:46,1
TXN10859,CUST3568,89744.65,Debit Card,INVOICE_OVERDUE,b2b_receivable,1,2026-09-03 17:10:47,1
TXN10860,CUST5950,5771.21,Debit Card,INSUFFICIENT_FUNDS,payment_failure,1,2026-08-24 00:56:38,1
TXN10861,CUST6654,8687.03,Net Banking,UPI_TIMEOUT,payment_failure,3,2026-08-16 18:59:34,1
TXN10862,CUST2460,12737.01,Net Banking,CREDIT_LIMIT_HIT,b2b_receivable,1,2026-08-09 20:56:50,1
TXN10863,CUST8239,5135.97,Credit Card,UPI_TIMEOUT,payment_failure,2,2026-09-03 13:02:42,1
TXN10864,CUST1539,13877.48,Debit Card,UPI_TIMEOUT,payment_failure,3,2026-08-05 16:11:32,0
TXN10865,CUST9061,39352.25,Credit Card,INVOICE_OVERDUE,b2b_receivable,2,2026-08-13 08:22:31,1
TXN10866,CUST3711,5533.8,UPI,UPI_TIMEOUT,payment_failure,1,2026-08-23 11:23:57,0
TXN10867,CUST5478,11581.05,Net Banking,UPI_TIMEOUT,payment_failure,4,2026-08-15 07:12:35,1
TXN10868,CUST5418,189875.12,Net Banking,INVOICE_OVERDUE,b2b_receivable,2,2026-08-27 21:34:47,0
TXN10869,CUST6442,14647.83,Credit Card,CARD_EXPIRED,payment_failure,3,2026-08-15 04:45:40,0
TXN10870,CUST6187,486737.01,Credit Card,INVOICE_OVERDUE,b2b_receivable,1,2026-08-20 08:08:47,1
TXN10871,CUST7525,12786.18,UPI,UPI_TIMEOUT,payment_failure,4,2026-09-02 04:18:40,0
TXN10872,CUST9229,10022.26,Credit Card,INSUFFICIENT_FUNDS,payment_failure,1,2026-08-17 04:24:50,1
TXN10873,CUST5413,5018.0,Debit Card,CART_ABANDONED,checkout_abandonment,1,2026-09-01 20:04:01,1
TXN10874,CUST2481,3272.22,Debit Card,BANK_SERVER_DOWN,payment_failure,1,2026-08-17 06:39:25,0
TXN10875,CUST9835,13620.06,Net Banking,CARD_EXPIRED,payment_failure,1,2026-08-15 12:34:16,0
TXN10876,CUST5901,10228.32,Credit Card,BANK_SERVER_DOWN,payment_failure,1,2026-08-15 16:57:03,0
TXN10877,CUST5349,607.52,Debit Card,UPI_TIMEOUT,payment_failure,1,2026-08-30 13:10:09,0
TXN10878,CUST1845,1733.75,UPI,SUBSCRIPTION_PAUSED,subscription_lapsed,2,2026-08-28 20:17:33,0
TXN10879,CUST9017,11185.32,Credit Card,INSUFFICIENT_FUNDS,payment_failure,3,2026-08-22 11:35:47,0
TXN10880,CUST3981,10265.29,Debit Card,INSUFFICIENT_FUNDS,payment_failure,1,2026-08-17 06:04:02,0
TXN10881,CUST4246,2142.57,Net Banking,MANDATE_EXPIRED,subscription_lapsed,2,2026-08-27 22:56:24,1
TXN10882,CUST5808,1894.48,Debit Card,WRONG_OTP,payment_failure,2,2026-08-19 12:26:10,1
TXN10883,CUST4648,4944.7,Debit Card,WRONG_OTP,payment_failure,4,2026-08-19 21:18:39,1
TXN10884,CUST2466,622.39,Net Banking,CART_ABANDONED,checkout_abandonment,2,2026-08-07 09:03:21,1
TXN10885,CUST2641,9420.88,Net Banking,WRONG_OTP,payment_failure,1,2026-08-10 10:39:12,1
TXN10886,CUST9044,2828.21,Net Banking,INSUFFICIENT_FUNDS,payment_failure,4,2026-08-09 02:50:55,0
TXN10887,CUST9724,234687.39,Net Banking,INVOICE_OVERDUE,b2b_receivable,1,2026-08-05 03:40:38,0
TXN10888,CUST2790,1298.9,Credit Card,MANDATE_EXPIRED,subscription_lapsed,2,2026-08-24 12:29:29,0
TXN10889,CUST7866,5020.36,Debit Card,CART_ABANDONED,checkout_abandonment,1,2026-08-05 10:58:11,1
TXN10890,CUST3615,14874.66,Debit Card,UPI_TIMEOUT,payment_failure,2,2026-08-28 17:37:34,0
TXN10891,CUST2285,6739.61,Debit Card,SHIPPING_CONFUSION,checkout_abandonment,1,2026-08-17 00:08:17,1
TXN10892,CUST4234,4531.97,Debit Card,CART_ABANDONED,checkout_abandonment,2,2026-08-09 07:03:12,1
TXN10893,CUST2215,11583.4,UPI,INSUFFICIENT_FUNDS,payment_failure,1,2026-08-24 10:49:03,0
TXN10894,CUST7948,2115.63,Net Banking,PLAN_UPGRADE_FAILED,subscription_lapsed,2,2026-08-12 00:32:50,0
TXN10895,CUST3501,6468.34,Net Banking,WRONG_OTP,payment_failure,1,2026-08-15 21:19:50,1
TXN10896,CUST6615,13438.9,Debit Card,UPI_TIMEOUT,payment_failure,3,2026-08-09 22:39:15,1
TXN10897,CUST4584,2797.42,UPI,INSUFFICIENT_FUNDS,payment_failure,1,2026-08-28 17:48:48,1
TXN10898,CUST4633,5576.12,Net Banking,WRONG_OTP,payment_failure,1,2026-08-06 19:57:17,0
TXN10899,CUST8075,6867.59,Credit Card,WRONG_OTP,payment_failure,1,2026-08-20 13:48:18,0
TXN10900,CUST8668,7391.89,Net Banking,CART_ABANDONED,checkout_abandonment,4,2026-08-28 14:31:17,0
TXN10901,CUST5712,4621.34,Credit Card,CHECKOUT_TIMEOUT,checkout_abandonment,1,2026-09-03 17:07:02,0
TXN10902,CUST4262,14289.55,Credit Card,UPI_TIMEOUT,payment_failure,2,2026-08-15 14:17:02,1
TXN10903,CUST9946,14542.68,Net Banking,WRONG_OTP,payment_failure,1,2026-09-02 18:06:27,1
TXN10904,CUST7114,8337.43,UPI,INSUFFICIENT_FUNDS,payment_failure,1,2026-09-01 01:30:20,1
TXN10905,CUST7460,6096.62,UPI,PROMO_INVALID,checkout_abandonment,1,2026-08-06 13:43:58,1
TXN10906,CUST5557,11493.78,Credit Card,INSUFFICIENT_FUNDS,payment_failure,1,2026-08-26 01:55:24,0
TXN10907,CUST1887,1633.67,Net Banking,UPI_TIMEOUT,payment_failure,1,2026-08-14 21:20:42,1
TXN10908,CUST8272,4574.77,Net Banking,UPI_TIMEOUT,payment_failure,2,2026-08-14 06:19:03,1
TXN10909,CUST2275,3199.66,Net Banking,CHECKOUT_TIMEOUT,checkout_abandonment,1,2026-08-25 06:48:02,0
TXN10910,CUST5501,3157.58,Debit Card,SHIPPING_CONFUSION,checkout_abandonment,1,2026-08-13 15:08:38,0
TXN10911,CUST8179,5386.47,UPI,WRONG_OTP,payment_failure,2,2026-08-11 20:55:48,1
TXN10912,CUST2494,5739.03,Credit Card,WRONG_OTP,payment_failure,2,2026-08-09 14:50:50,0
TXN10913,CUST8009,13955.54,Credit Card,UPI_TIMEOUT,payment_failure,1,2026-08-06 13:49:00,1
TXN10914,CUST7173,7876.03,Debit Card,WRONG_OTP,payment_failure,4,2026-08-31 13:30:53,0
TXN10915,CUST4552,311601.63,UPI,INVOICE_OVERDUE,b2b_receivable,4,2026-08-30 11:41:56,0
TXN10916,CUST8925,6334.95,Net Banking,CART_ABANDONED,checkout_abandonment,1,2026-08-17 01:48:23,0
TXN10917,CUST3979,1612.53,Net Banking,SHIPPING_CONFUSION,checkout_abandonment,2,2026-08-23 12:37:54,0
TXN10918,CUST4335,7872.42,Net Banking,UPI_TIMEOUT,payment_failure,2,2026-09-01 06:06:50,0
TXN10919,CUST9614,4339.96,Credit Card,UPI_TIMEOUT,payment_failure,1,2026-08-08 09:26:23,1
TXN10920,CUST4485,7169.1,UPI,CHECKOUT_TIMEOUT,checkout_abandonment,3,2026-08-14 16:13:43,0
TXN10921,CUST3444,234786.92,Credit Card,CREDIT_LIMIT_HIT,b2b_receivable,1,2026-09-03 01:40:31,0
TXN10922,CUST3395,1379.99,Credit Card,SHIPPING_CONFUSION,checkout_abandonment,1,2026-08-30 03:27:47,0
TXN10923,CUST2758,2956.6,Debit Card,WRONG_OTP,payment_failure,3,2026-08-17 03:44:13,1
TXN10924,CUST9740,3908.21,Debit Card,CARD_EXPIRED,payment_failure,1,2026-08-14 07:10:27,0
TXN10925,CUST3695,8182.77,Debit Card,UPI_TIMEOUT,payment_failure,1,2026-08-17 02:13:36,0
TXN10926,CUST9928,7678.76,UPI,UPI_TIMEOUT,payment_failure,2,2026-08-13 01:49:27,0
TXN10927,CUST4804,2310.1,Debit Card,MANDATE_EXPIRED,subscription_lapsed,2,2026-08-26 02:05:41,0
TXN10928,CUST8953,13600.12,Debit Card,UPI_TIMEOUT,payment_failure,1,2026-08-06 12:40:21,1
TXN10929,CUST5469,7834.97,UPI,WRONG_OTP,payment_failure,1,2026-08-21 20:16:23,0
TXN10930,CUST5896,3872.89,Debit Card,UPI_TIMEOUT,payment_failure,1,2026-08-18 09:43:00,1
TXN10931,CUST6965,5212.44,Net Banking,CART_ABANDONED,checkout_abandonment,2,2026-08-26 17:20:31,0
TXN10932,CUST3627,12506.01,Credit Card,WRONG_OTP,payment_failure,1,2026-08-28 21:22:36,1
TXN10933,CUST1547,12466.17,Credit Card,INSUFFICIENT_FUNDS,payment_failure,1,2026-08-16 18:36:25,1
TXN10934,CUST7643,8602.73,Credit Card,WRONG_OTP,payment_failure,1,2026-08-09 21:42:30,0
TXN10935,CUST3018,11764.8,Debit Card,INSUFFICIENT_FUNDS,payment_failure,1,2026-09-02 12:47:15,0
TXN10936,CUST8270,424.47,UPI,MANDATE_EXPIRED,subscription_lapsed,2,2026-08-08 15:45:18,0
TXN10937,CUST6417,2185.29,Net Banking,CARD_EXPIRED,payment_failure,1,2026-08-31 03:49:32,0
TXN10938,CUST8774,661.65,Debit Card,SUBSCRIPTION_PAUSED,subscription_lapsed,4,2026-08-15 11:24:46,0
TXN10939,CUST7793,1447.17,UPI,MANDATE_EXPIRED,subscription_lapsed,2,2026-08-14 13:22:03,1
TXN10940,CUST2127,3353.9,Debit Card,UPI_TIMEOUT,payment_failure,1,2026-08-11 23:50:54,1
TXN10941,CUST5088,10116.03,Debit Card,CARD_EXPIRED,payment_failure,1,2026-08-19 14:39:37,0
TXN10942,CUST1323,8989.67,UPI,INSUFFICIENT_FUNDS,payment_failure,2,2026-08-15 11:45:02,0
TXN10943,CUST5876,3044.7,Credit Card,INSUFFICIENT_FUNDS,payment_failure,1,2026-08-25 23:48:51,1
TXN10944,CUST8052,9267.25,Net Banking,UPI_TIMEOUT,payment_failure,4,2026-09-03 04:42:45,1
TXN10945,CUST2422,2278.47,Debit Card,PLAN_UPGRADE_FAILED,subscription_lapsed,2,2026-08-06 07:42:35,0
TXN10946,CUST7566,5394.5,Credit Card,BANK_SERVER_DOWN,payment_failure,3,2026-08-14 15:09:27,0
TXN10947,CUST3419,1886.71,Credit Card,INSUFFICIENT_FUNDS,payment_failure,3,2026-09-03 16:04:12,0
TXN10948,CUST3529,426.16,Credit Card,BANK_SERVER_DOWN,payment_failure,1,2026-08-15 19:01:26,0
TXN10949,CUST8627,67969.82,UPI,INVOICE_OVERDUE,b2b_receivable,1,2026-09-02 01:24:54,1
TXN10950,CUST5945,565.94,Debit Card,CART_ABANDONED,checkout_abandonment,2,2026-08-23 03:03:13,0
TXN10951,CUST1960,9802.58,Credit Card,WRONG_OTP,payment_failure,1,2026-08-13 21:54:46,0
TXN10952,CUST8260,7118.01,Debit Card,CHECKOUT_TIMEOUT,checkout_abandonment,1,2026-08-14 18:31:47,0
TXN10953,CUST3430,10353.3,UPI,UPI_TIMEOUT,payment_failure,1,2026-08-18 19:16:23,0
TXN10954,CUST9524,3240.53,UPI,WRONG_OTP,payment_failure,1,2026-08-19 16:52:59,0
TXN10955,CUST9984,1394.78,Credit Card,UPI_TIMEOUT,payment_failure,1,2026-08-09 07:05:48,1
TXN10956,CUST9870,106106.8,UPI,INVOICE_OVERDUE,b2b_receivable,1,2026-08-05 09:59:59,0
TXN10957,CUST6781,6019.38,Net Banking,UPI_TIMEOUT,payment_failure,4,2026-08-09 09:15:03,1
TXN10958,CUST6035,326149.28,UPI,INVOICE_OVERDUE,b2b_receivable,1,2026-08-22 04:01:32,1
TXN10959,CUST3717,4166.19,Credit Card,CART_ABANDONED,checkout_abandonment,3,2026-08-12 15:53:31,0
TXN10960,CUST3396,14888.79,Credit Card,BANK_SERVER_DOWN,payment_failure,2,2026-08-10 17:12:45,1
TXN10961,CUST6925,14602.09,Net Banking,INSUFFICIENT_FUNDS,payment_failure,1,2026-08-19 17:13:17,1
TXN10962,CUST6111,2622.9,Debit Card,WRONG_OTP,payment_failure,1,2026-08-09 00:04:58,1
TXN10963,CUST1440,13994.53,Credit Card,INSUFFICIENT_FUNDS,payment_failure,2,2026-08-07 12:48:44,0
TXN10964,CUST5521,7879.82,Credit Card,CART_ABANDONED,checkout_abandonment,3,2026-08-31 14:51:47,1
TXN10965,CUST9393,1326.1,Net Banking,CART_ABANDONED,checkout_abandonment,2,2026-08-19 03:14:36,0
TXN10966,CUST8716,209234.75,Credit Card,INVOICE_OVERDUE,b2b_receivable,1,2026-08-30 04:36:21,1
TXN10967,CUST6491,11947.08,Credit Card,INSUFFICIENT_FUNDS,payment_failure,2,2026-08-23 11:05:00,0
TXN10968,CUST6455,2984.0,Credit Card,CARD_EXPIRED,payment_failure,1,2026-08-21 20:24:07,0
TXN10969,CUST5237,13082.99,Debit Card,UPI_TIMEOUT,payment_failure,1,2026-08-14 05:04:11,0
TXN10970,CUST8471,492.75,Credit Card,PLAN_UPGRADE_FAILED,subscription_lapsed,2,2026-08-07 04:08:33,0
TXN10971,CUST5602,584.76,Credit Card,UPI_TIMEOUT,payment_failure,1,2026-08-13 07:27:21,0
TXN10972,CUST6523,6991.39,Debit Card,UPI_TIMEOUT,payment_failure,2,2026-08-30 15:06:57,1
TXN10973,CUST6626,7238.79,Credit Card,UPI_TIMEOUT,payment_failure,4,2026-08-22 01:03:55,0
TXN10974,CUST3344,1367.81,Net Banking,UPI_TIMEOUT,payment_failure,2,2026-08-22 02:21:48,1
TXN10975,CUST4571,9395.39,Credit Card,CARD_EXPIRED,payment_failure,1,2026-08-28 00:31:09,0
TXN10976,CUST4675,2571.88,UPI,CHECKOUT_TIMEOUT,checkout_abandonment,1,2026-08-22 06:15:38,1
TXN10977,CUST3903,3632.07,Net Banking,CHECKOUT_TIMEOUT,checkout_abandonment,4,2026-08-14 22:03:22,0
TXN10978,CUST9579,2416.17,Credit Card,MANDATE_REVOKED,subscription_lapsed,1,2026-08-31 05:56:58,0
TXN10979,CUST8994,12814.5,Net Banking,CARD_EXPIRED,payment_failure,4,2026-08-30 22:24:04,0
TXN10980,CUST4470,11975.83,Net Banking,CARD_EXPIRED,payment_failure,1,2026-08-15 04:31:10,0
TXN10981,CUST5528,331936.53,UPI,INVOICE_OVERDUE,b2b_receivable,2,2026-08-28 09:49:38,0
TXN10982,CUST6293,7862.27,Net Banking,CHECKOUT_TIMEOUT,checkout_abandonment,1,2026-08-18 02:46:06,0
TXN10983,CUST3181,4628.28,Net Banking,INSUFFICIENT_FUNDS,payment_failure,2,2026-09-01 12:24:16,0
TXN10984,CUST5336,194485.51,Debit Card,CREDIT_LIMIT_HIT,b2b_receivable,4,2026-08-21 04:30:56,0
TXN10985,CUST9625,50778.16,UPI,INVOICE_OVERDUE,b2b_receivable,2,2026-09-01 04:45:19,1
TXN10986,CUST9383,1937.81,UPI,SUBSCRIPTION_PAUSED,subscription_lapsed,1,2026-08-28 15:14:53,1
TXN10987,CUST8264,14097.92,Debit Card,INSUFFICIENT_FUNDS,payment_failure,1,2026-08-16 15:52:41,0
TXN10988,CUST5331,2762.27,Debit Card,UPI_TIMEOUT,payment_failure,1,2026-08-31 17:05:11,1
TXN10989,CUST1908,10742.1,UPI,UPI_TIMEOUT,payment_failure,1,2026-08-19 22:16:03,1
TXN10990,CUST1408,2357.32,Credit Card,MANDATE_EXPIRED,subscription_lapsed,1,2026-08-24 22:55:32,1
TXN10991,CUST8951,4977.73,Debit Card,INSUFFICIENT_FUNDS,payment_failure,1,2026-09-03 19:56:35,0
TXN10992,CUST6276,5560.51,Credit Card,CART_ABANDONED,checkout_abandonment,2,2026-08-11 09:47:05,1
TXN10993,CUST2889,8589.48,Debit Card,INSUFFICIENT_FUNDS,payment_failure,1,2026-08-08 16:49:36,0
TXN10994,CUST5466,25303.72,Debit Card,CREDIT_LIMIT_HIT,b2b_receivable,4,2026-08-09 22:56:29,0
TXN10995,CUST2539,3710.24,UPI,SHIPPING_CONFUSION,checkout_abandonment,1,2026-08-08 17:06:51,0
TXN10996,CUST4145,4770.53,Credit Card,UPI_TIMEOUT,payment_failure,1,2026-09-01 10:24:25,0
TXN10997,CUST2876,3991.66,Debit Card,INSUFFICIENT_FUNDS,payment_failure,1,2026-08-17 17:06:59,0
TXN10998,CUST3443,10139.84,UPI,UPI_TIMEOUT,payment_failure,3,2026-08-30 03:50:23,0
TXN10999,CUST9765,1662.67,Debit Card,SUBSCRIPTION_PAUSED,subscription_lapsed,2,2026-08-20 17:10:44,0
